condition,scan_id,pa_x,pa_y,pa_z,focus_x,focus_y,focus_z,n_elements,delay_std_us,delay_span_us,beam_percent,beam_db,physics_level
A_PA1_to_C1,0,-126.47159,137.926021,-64.727672,-124.23,120.25,-51.800000000000004,64,0.3005593879828663,0.939677663118899,58.103849298322785,-4.715901905155619,Calibrated Gaussian / CIVA-like beam demonstrator
A_PA1_to_C1,1,-125.58753117731659,139.02719128142942,-65.13280492576665,-123.25,121.26,-51.800000000000004,64,0.2981270131513726,0.9318991016843264,58.57884524366747,-4.645183875091191,Calibrated Gaussian / CIVA-like beam demonstrator
A_PA1_to_C1,2,-124.6997361978672,140.1257627151381,-65.53680832565904,-122.26,122.26,-51.800000000000004,64,0.29519014205637906,0.9225887767079676,59.127799827468245,-4.564165619939172,Calibrated Gaussian / CIVA-like beam demonstrator
A_PA1_to_C1,3,-123.80814054759924,141.2216765912607,-65.93965723338754,-121.26,123.25,-51.800000000000004,64,0.2922021255323558,0.9131248056291348,59.68598335762091,-4.4825529302300655,Calibrated Gaussian / CIVA-like beam demonstrator
A_PA1_to_C1,4,-122.91267870531782,142.31487245796063,-66.3413259657362,-120.25,124.23,-51.800000000000004,64,0.2889774534538022,0.9029444894660532,60.27967996517309,-4.396581241855583,Calibrated Gaussian / CIVA-like beam demonstrator
A_PA1_to_C1,5,-122.01174866453802,143.40418686963127,-66.74131078089214,-119.24,125.21000000000001,-51.800000000000004,64,0.2857861539143824,0.8928794194292768,60.87032568461972,-4.311887491256641,Calibrated Gaussian / CIVA-like beam demonstrator
A_PA1_to_C1,6,-121.1066310489066,144.49049807357036,-67.13999408581748,-118.22000000000001,126.16999999999999,-51.800000000000004,64,0.2827933769653905,0.8834126124792263,61.43441724317808,-4.23176514033893,Calibrated Gaussian / CIVA-like beam demonstrator
A_PA1_to_C1,7,-120.19746436062518,145.57388656308214,-67.53741160967894,-117.19000000000003,127.13,-51.800000000000004,64,0.2797510127190761,0.8738067537494203,62.00711212511785,-4.151169894051511,Calibrated Gaussian / CIVA-like beam demonstrator
A_PA1_to_C1,8,-119.2841803722571,146.65428488520172,-67.93353475243892,-116.14999999999999,128.08,-51.800000000000004,64,0.27657779122639325,0.8638074206403328,62.599766591683235,-4.068545721776384,Calibrated Gaussian / CIVA-like beam demonstrator
A_PA1_to_C1,9,-118.36592519347504,147.73104304627157,-68.32808255362077,-115.10000000000001,129.02,-51.800000000000004,64,0.27327547623844295,0.8534210666092408,63.21191421312092,-3.9840211592387424,Calibrated Gaussian / CIVA-like beam demonstrator
A_PA1_to_C1,10,-117.4425778526772,148.80403214082943,-68.7210026307613,-114.04999999999998,129.95000000000002,-51.800000000000004,64,0.27017774907935455,0.8436624580282599,63.7963639675078,-3.90408145813057,Calibrated Gaussian / CIVA-like beam demonstrator
A_PA1_to_C1,11,-116.51492226934701,149.87380453703938,-69.1125338929097,-112.99,130.88,-51.800000000000004,64,0.26712158781925516,0.8340413531887609,64.37607953642036,-3.8255095022292362,Calibrated Gaussian / CIVA-like beam demonstrator
A_PA1_to_C1,12,-115.58288695538624,150.94028445626716,-69.50264433810658,-111.91999999999999,131.79,-51.800000000000004,64,0.2640882903558225,0.8244880112754958,64.95360711418112,-3.747934518828921,Calibrated Gaussian / CIVA-like beam demonstrator
A_PA1_to_C1,13,-114.64639947593102,152.0033937970841,-69.8913011714731,-110.84000000000002,132.70000000000002,-51.800000000000004,64,0.26084871173636587,0.8143196778965693,65.56085116264798,-3.6671083342328354,Calibrated Gaussian / CIVA-like beam demonstrator
A_PA1_to_C1,14,-113.70433653451417,153.06224053959428,-70.27812111471913,-109.76,133.6,-51.800000000000004,64,0.25765358167903907,0.8042932885856473,66.16252804440978,-3.5877581783116934,Calibrated Gaussian / CIVA-like beam demonstrator
A_PA1_to_C1,15,-112.75724424129102,154.11719913348915,-70.66326812092449,-108.66999999999999,134.48,-51.800000000000004,64,0.2546293002455585,0.7947854040694811,66.74102750298859,-3.5121422300874947,Calibrated Gaussian / CIVA-like beam demonstrator
A_PA1_to_C1,16,-111.80550111618676,155.16853095706622,-71.04685566781224,-107.56999999999996,135.36,-51.800000000000004,64,0.25160039776346166,0.7852744897358779,67.32071089857637,-3.4370261314944544,Calibrated Gaussian / CIVA-like beam demonstrator
A_PA1_to_C1,17,-110.84903176800597,156.216148479111,-71.42884697464699,-106.46000000000001,136.24,-51.800000000000004,64,0.24850628364692462,0.7755761373113774,67.90979037398662,-3.361352202492918,Calibrated Gaussian / CIVA-like beam demonstrator
A_PA1_to_C1,18,-109.88775968148194,157.25996132776058,-71.80920414042144,-105.35000000000001,137.1,-51.800000000000004,64,0.24547612421753506,0.7660730289936151,68.49030339844622,-3.2874181989501943,Calibrated Gaussian / CIVA-like beam demonstrator
A_PA1_to_C1,19,-108.92107988638193,158.2994494986132,-72.1877053882543,-104.23,137.95000000000002,-51.800000000000004,64,0.24231544932670987,0.7561795050354263,69.08879522457418,-3.2118476101754725,Calibrated Gaussian / CIVA-like beam demonstrator
A_PA1_to_C1,20,-107.94864743686081,159.33428339378023,-72.56421201203561,-103.10000000000001,138.79,-51.800000000000004,64,0.23921483483426534,0.7464742620770721,69.6789600158769,-3.137966799140041,Calibrated Gaussian / CIVA-like beam demonstrator
A_PA1_to_C1,21,-106.97120712934905,160.36502322437607,-72.93896483167389,-101.97000000000001,139.63,-51.800000000000004,64,0.23627026418386624,0.73725376166818,70.24775223634221,-3.067351352150448,Calibrated Gaussian / CIVA-like beam demonstrator
A_PA1_to_C1,22,-105.9886806011947,161.39156820008364,-73.3119223265337,-100.83000000000001,140.45000000000002,-51.800000000000004,64,0.23334741675895856,0.7280998512651582,70.81342404738596,-2.997688112567265,Calibrated Gaussian / CIVA-like beam demonstrator
A_PA1_to_C1,23,-105.00098799462333,162.4138139103925,-73.68304140133728,-99.68,141.27,-51.800000000000004,64,0.23035447802140047,0.7187428566534848,71.38820005889283,-2.9274713591038486,Calibrated Gaussian / CIVA-like beam demonstrator
A_PA1_to_C1,24,-104.00804838927863,163.43165260561457,-74.05227738223643,-98.52999999999999,142.08,-51.800000000000004,64,0.22739664990439093,0.709498588416297,71.95774280265815,-2.8584493644855336,Calibrated Gaussian / CIVA-like beam demonstrator
A_PA1_to_C1,25,-103.0094764834653,164.44471236433245,-74.41947317795704,-97.37,142.87,-51.800000000000004,64,0.22433623125354024,0.6999441459920934,72.54026792245784,-2.788416894320363,Calibrated Gaussian / CIVA-like beam demonstrator
A_PA1_to_C1,26,-102.00468577891398,165.4524307713405,-74.78439012090907,-96.21000000000001,143.66,-51.800000000000004,64,0.2213584121809848,0.6906511083748192,73.1109275308979,-2.7203541265913738,Calibrated Gaussian / CIVA-like beam demonstrator
A_PA1_to_C1,27,-100.994437870225,166.45540656397864,-75.14728615286857,-95.02999999999999,144.44000000000003,-51.800000000000004,64,0.21837150042401998,0.6813343736584834,73.68178916252843,-2.6527967403774353,Calibrated Gaussian / CIVA-like beam demonstrator
A_PA1_to_C1,28,-99.97865204218023,167.45352101051787,-75.50811248064947,-93.86,145.21,-51.800000000000004,64,0.21555747435951428,0.6725493024305749,74.22890585374164,-2.588538819441929,Calibrated Gaussian / CIVA-like beam demonstrator
A_PA1_to_C1,29,-98.95724657977786,168.4466515454952,-75.86681827461119,-92.66999999999999,145.97,-51.800000000000004,64,0.2126074419069919,0.6633552588019445,74.79261961148204,-2.522825106921181,Calibrated Gaussian / CIVA-like beam demonstrator
A_PA1_to_C1,30,-97.93013914227562,169.4346716568485,-76.22335155664793,-91.48,146.72,-51.800000000000004,64,0.20972274987351525,0.6543653103648257,75.34646964467261,-2.458741834407456,Calibrated Gaussian / CIVA-like beam demonstrator
A_PA1_to_C1,31,-96.89724697053715,170.41745089425964,-76.57765923268899,-90.27999999999999,147.46,-51.800000000000004,64,0.20680035472355712,0.6452656514468682,75.90365835460801,-2.3947458352049003,Calibrated Gaussian / CIVA-like beam demonstrator
A_PA1_to_C1,32,-95.85848647488527,171.39485478818753,-76.9296856030413,-89.08000000000001,148.19000000000003,-51.800000000000004,64,0.20385476183582882,0.6361012121834921,76.46207418127473,-2.331078501630442,Calibrated Gaussian / CIVA-like beam demonstrator
A_PA1_to_C1,33,-94.81326018775638,172.36626166812079,-77.27917002404048,-87.87,148.91,-51.800000000000004,64,0.2008206750944614,0.6266730498451061,77.02972738613126,-2.266832782723598,Calibrated Gaussian / CIVA-like beam demonstrator
A_PA1_to_C1,34,-93.76170417127642,173.33171905220786,-77.62613400929244,-86.64999999999999,149.62,-51.800000000000004,64,0.19783209777485092,0.6173876763265138,77.58939021868169,-2.2039532254820466,Calibrated Gaussian / CIVA-like beam demonstrator
A_PA1_to_C1,35,-92.70407233836319,174.2913942958,-77.97065069942045,-85.43,150.31999999999996,-51.800000000000004,64,0.19494871127443858,0.6084268977955816,78.13359258104705,-2.1432441275921383,Calibrated Gaussian / CIVA-like beam demonstrator
A_PA1_to_C1,36,-91.64028159188727,175.2451375773871,-78.31266006500847,-84.20999999999998,151.01,-51.800000000000004,64,0.19211297024509438,0.5996159611990279,78.66956172316335,-2.0838653865352423,Calibrated Gaussian / CIVA-like beam demonstrator
A_PA1_to_C1,37,-90.57025047081126,176.19279682622727,-78.652099442385,-82.98,151.69000000000003,-51.800000000000004,64,0.1892268263916,0.5906562969758813,79.20926065774086,-2.0244808082501806,Calibrated Gaussian / CIVA-like beam demonstrator
A_PA1_to_C1,38,-89.49389790372967,177.13421557530071,-78.98890505920168,-81.74,152.36,-51.800000000000004,64,0.18628878322361275,0.5815432981308089,79.75253572534712,-1.9651099938749135,Calibrated Gaussian / CIVA-like beam demonstrator
A_PA1_to_C1,39,-88.4111426719469,178.06923231412242,-79.32301148830727,-80.5,153.02,-51.800000000000004,64,0.18339033721670553,0.5725554534192785,80.28803642497776,-1.9069832667050326,Calibrated Gaussian / CIVA-like beam demonstrator
A_PA1_to_C1,40,-87.32190406766503,178.99768111829331,-79.65435128222146,-79.25,153.67,-51.800000000000004,64,0.18043548195250284,0.563400426771727,80.82713760417553,-1.8488560189128544,Calibrated Gaussian / CIVA-like beam demonstrator
A_PA1_to_C1,41,-86.2261025357334,179.9193920017287,-79.98285537263546,-77.99,154.30999999999997,-51.800000000000004,64,0.1774227000230575,0.5540735426627528,81.36963139180469,-1.7907530274805759,Calibrated Gaussian / CIVA-like beam demonstrator
A_PA1_to_C1,42,-85.12365930706834,180.83419046085237,-80.30845245386091,-76.74,154.94000000000003,-51.800000000000004,64,0.1745325528162652,0.5451243963329269,81.89404871499298,-1.734953150176008,Calibrated Gaussian / CIVA-like beam demonstrator
A_PA1_to_C1,43,-84.0144962772015,181.7418966549487,-80.63107011321773,-75.47000000000001,155.55999999999997,-51.800000000000004,64,0.17148835250264044,0.5357106420989552,82.43257863629428,-1.6780222889448868,Calibrated Gaussian / CIVA-like beam demonstrator
A_PA1_to_C1,44,-82.89853717976428,182.64232658248505,-80.95063473369008,-74.2,156.17,-51.800000000000004,64,0.1684699659873008,0.5263797552584091,82.96390794410085,-1.622215981323073,Calibrated Gaussian / CIVA-like beam demonstrator
A_PA1_to_C1,45,-81.77570602721802,183.53529052099293,-81.26706971245501,-72.93,156.77,-51.800000000000004,64,0.16545388934035204,0.5170602939333957,83.49058221171443,-1.567250208689155,Calibrated Gaussian / CIVA-like beam demonstrator
A_PA1_to_C1,46,-80.64582348921154,184.42047698396848,-81.58024546867004,-71.64999999999999,157.35,-51.800000000000004,64,0.16237821816786047,0.5075612231771167,84.01929930818903,-1.51241889296504,Calibrated Gaussian / CIVA-like beam demonstrator
A_PA1_to_C1,47,-79.50878396989144,185.29764221152703,-81.89006653611777,-70.37,157.93000000000004,-51.800000000000004,64,0.15931083594031378,0.4980939607509018,84.54213380658531,-1.4585358993071167,Calibrated Gaussian / CIVA-like beam demonstrator
A_PA1_to_C1,48,-78.3647040999035,186.1667915978987,-82.19653532246785,-69.08,158.5,-51.800000000000004,64,0.1562043416256277,0.4885113295997989,85.0640495816557,-1.4050789198361968,Calibrated Gaussian / CIVA-like beam demonstrator
A_PA1_to_C1,49,-77.21351525637408,187.02771728459427,-82.49957047786444,-67.79,159.05999999999997,-51.800000000000004,64,0.15310954954116318,0.4789682335589837,85.57922035549116,-1.3526334869436527,Calibrated Gaussian / CIVA-like beam demonstrator
A_PA1_to_C1,50,-76.05515221567958,187.88020837156643,-82.79908752134475,-66.49,159.6,-51.800000000000004,64,0.1499714425016971,0.469294724785227,86.09328104868746,-1.3006148146761907,Calibrated Gaussian / CIVA-like beam demonstrator
A_PA1_to_C1,51,-74.88955223574898,188.72404937384064,-83.0949989297513,-65.19,160.14,-51.800000000000004,64,0.14680462472969488,0.4595400461331405,86.60429060999333,-1.2492118266081016,Calibrated Gaussian / CIVA-like beam demonstrator
A_PA1_to_C1,52,-73.71665496632944,189.55901897357802,-83.38721635930006,-63.88999999999999,160.66,-51.800000000000004,64,0.14367461870664727,0.4498988023629238,87.10519217640527,-1.1991191348973975,Calibrated Gaussian / CIVA-like beam demonstrator
A_PA1_to_C1,53,-72.53640296667295,190.384890624968,-83.67564995326215,-62.57999999999999,161.18000000000004,-51.800000000000004,64,0.1404257657376156,0.4399017565890446,87.61158410784341,-1.1487693420487093,Calibrated Gaussian / CIVA-like beam demonstrator
A_PA1_to_C1,54,-71.34874150332858,191.201432346799,-83.96020704576206,-61.26,161.68000000000004,-51.800000000000004,64,0.13712348930999438,0.4297433978067957,88.11616451765606,-1.0988882978492416,Calibrated Gaussian / CIVA-like beam demonstrator
A_PA1_to_C1,55,-70.15362113228008,192.00840938289187,-84.240794319731,-59.94,162.18000000000004,-51.800000000000004,64,0.1337842839869912,0.4194783087862728,88.61681081836666,-1.0496776721652403,Calibrated Gaussian / CIVA-like beam demonstrator
A_PA1_to_C1,56,-68.95099439080366,192.80558006060818,-84.51731481171477,-58.62,162.66,-51.800000000000004,64,0.13046984139045856,0.4092898127443103,89.10722250853442,-1.0017418634875332,Calibrated Gaussian / CIVA-like beam demonstrator
A_PA1_to_C1,57,-67.7408184239931,193.59269790109767,-84.78967186808131,-57.300000000000004,163.13,-51.800000000000004,64,0.12714345785063716,0.3990683014963245,89.59071471984352,-0.9547399752611594,Calibrated Gaussian / CIVA-like beam demonstrator
A_PA1_to_C1,58,-66.52304882046394,194.36950405264454,-85.05776186945315,-55.97000000000001,163.59,-51.800000000000004,64,0.12365393134283026,0.3883538552769643,90.08073738359485,-0.9073613485411762,Calibrated Gaussian / CIVA-like beam demonstrator
A_PA1_to_C1,59,-65.29736445794792,195.13533624133382,-85.32131526549607,-54.63,164.04,-51.800000000000004,64,0.12005775477730965,0.3773179637229731,90.57101641736647,-0.8602151687228788,Calibrated Gaussian / CIVA-like beam demonstrator
A_PA1_to_C1,60,-64.06398870106675,195.89027226448485,-85.58037062872327,-53.300000000000004,164.48,-51.800000000000004,64,0.11658177791215991,0.3666505456347781,91.0409584483951,-0.8152635763926224,Calibrated Gaussian / CIVA-like beam demonstrator
A_PA1_to_C1,61,-62.82289954979261,196.63404521676424,-85.83482177572114,-51.959999999999994,164.91,-51.800000000000004,64,0.11300387124878586,0.3556755961734463,91.50984937829476,-0.7706431896139911,Calibrated Gaussian / CIVA-like beam demonstrator
A_PA1_to_C1,62,-61.57408099188178,197.3663837828042,-86.08456237099054,-50.61000000000001,165.33,-51.800000000000004,64,0.10932266980119502,0.344388747396378,91.97686490253815,-0.7264279549770543,Calibrated Gaussian / CIVA-like beam demonstrator
A_PA1_to_C1,63,-60.31752219246909,198.0870113508912,-86.32948341654753,-49.26,165.73,-51.800000000000004,64,0.10564555856343565,0.3331149354423726,92.43246203054177,-0.683509578878839,Calibrated Gaussian / CIVA-like beam demonstrator
A_PA1_to_C1,64,-59.05321894838989,198.79564740680536,-86.56947528206896,-47.91,166.13,-51.800000000000004,64,0.1019131742498786,0.3216768921974395,92.88099870825322,-0.641462469362192,Calibrated Gaussian / CIVA-like beam demonstrator
A_PA1_to_C1,65,-57.78117418123128,199.49200862899872,-86.80442607520537,-46.56,166.51,-51.800000000000004,64,0.09817962255133182,0.3102354994868825,93.31776279502373,-0.6007136310467652,Calibrated Gaussian / CIVA-like beam demonstrator
A_PA1_to_C1,66,-56.50139772720848,200.17580744614366,-87.03422398879704,-45.199999999999996,166.89,-51.800000000000004,64,0.09430816943417027,0.2983775220229638,93.75236420623965,-0.5603554322656417,Calibrated Gaussian / CIVA-like beam demonstrator
A_PA1_to_C1,67,-55.21390634241264,200.8467522123485,-87.25875552522027,-43.84,167.25,-51.800000000000004,64,0.09043120658428622,0.286502358796092,94.17425629631138,-0.5213560155777202,Calibrated Gaussian / CIVA-like beam demonstrator
A_PA1_to_C1,68,-53.9187252008448,201.50454957328995,-87.47790625334093,-42.48,167.6,-51.800000000000004,64,0.08651947587747005,0.2745222442168362,94.58508793495777,-0.48354656119211237,Calibrated Gaussian / CIVA-like beam demonstrator
A_PA1_to_C1,69,-52.61588688166932,202.14890215357065,-87.69156066867265,-41.12,167.94000000000003,-51.800000000000004,64,0.08257137548573291,0.2624318011805755,94.98441853484367,-0.4469526309261321,Calibrated Gaussian / CIVA-like beam demonstrator
A_PA1_to_C1,70,-51.30543322621754,202.77951170494572,-87.89960339828632,-39.75,168.27,-51.800000000000004,64,0.07838390126259115,0.2496121550627723,95.38409305921022,-0.4104809068857462,Calibrated Gaussian / CIVA-like beam demonstrator
A_PA1_to_C1,71,-49.98700076908164,203.39528602119523,-88.10159506690974,-38.38,168.59,-51.800000000000004,64,0.07404925085741829,0.2363431788620751,95.77635283656268,-0.3748340982410172,Calibrated Gaussian / CIVA-like beam demonstrator
A_PA1_to_C1,72,-48.66072424070705,203.99600512794524,-88.29745317406535,-37.0,168.89,-51.800000000000004,64,0.06973168343080563,0.2231217756966383,96.15054873214575,-0.34096465790931607,Calibrated Gaussian / CIVA-like beam demonstrator
A_PA1_to_C1,73,-47.32700018966312,204.58196768582226,-88.48730791743925,-35.63,169.19000000000003,-51.800000000000004,64,0.0655212893395599,0.2102249778454812,96.50192413946496,-0.30928054456019083,Calibrated Gaussian / CIVA-like beam demonstrator
A_PA1_to_C1,74,-45.985910393316935,205.15286772437386,-88.6710409094958,-34.25,169.47,-51.800000000000004,64,0.06121556421940919,0.1970306246185664,96.84104585551503,-0.2788105789831353,Calibrated Gaussian / CIVA-like beam demonstrator
A_PA1_to_C1,75,-44.637546495547674,205.70839844121866,-88.84853507484068,-32.87,169.75,-51.800000000000004,64,0.05684497634357883,0.1836322001873682,97.1653690004957,-0.24976991380045038,Calibrated Gaussian / CIVA-like beam demonstrator
A_PA1_to_C1,76,-43.28201139690344,206.2482558076494,-89.01967349375997,-31.490000000000002,170.01,-51.800000000000004,64,0.05245539282220196,0.1701639522806921,97.47209181198653,-0.22239427208869517,Calibrated Gaussian / CIVA-like beam demonstrator
A_PA1_to_C1,77,-41.919417359232085,206.77213383026498,-89.18434026853464,-30.099999999999998,170.26,-51.800000000000004,64,0.04776426008254677,0.1557576692960616,97.77159098327469,-0.19574635445356547,Calibrated Gaussian / CIVA-like beam demonstrator
A_PA1_to_C1,78,-40.54939109286912,207.2785156165476,-89.34193078350053,-28.710000000000004,170.5,-51.800000000000004,64,0.04289335108089882,0.1407761727273992,98.05617027335339,-0.1705014552516999,Calibrated Gaussian / CIVA-like beam demonstrator
A_PA1_to_C1,79,-39.17222385924912,207.7673671887726,-89.49243903545894,-27.32999999999999,170.73,-51.800000000000004,64,0.03823276312242631,0.1264053304240135,98.31162684211438,-0.14790234431923538,Calibrated Gaussian / CIVA-like beam demonstrator
A_PA1_to_C1,80,-37.78842126078582,208.23922993018806,-89.63609218903562,-25.94,170.94000000000003,-51.800000000000004,64,0.033614116362336216,0.1121130344153016,98.54461122313164,-0.12734239066294778,Calibrated Gaussian / CIVA-like beam demonstrator
A_PA1_to_C1,81,-36.398144323079634,208.69380836243155,-89.7727800705817,-24.539999999999996,171.15000000000003,-51.800000000000004,64,0.02887920522680015,0.0973848359154807,98.75907683286064,-0.10845956724203223,Calibrated Gaussian / CIVA-like beam demonstrator
A_PA1_to_C1,82,-35.001565987997985,209.13081320906832,-89.90239448340782,-23.150000000000002,171.33999999999997,-51.800000000000004,64,0.024211096358032338,0.082736728210925,98.94995596959491,-0.0916878941676103,Calibrated Gaussian / CIVA-like beam demonstrator
A_PA1_to_C1,83,-33.59882471196269,209.54981931125968,-90.02477205237447,-21.75,171.53,-51.800000000000004,64,0.019129519848932342,0.0665292850695067,99.12535273457952,-0.07630508495536581,Calibrated Gaussian / CIVA-like beam demonstrator
A_PA1_to_C1,84,-32.18939736157059,209.9482143116595,-90.1388748450846,-20.36,171.70000000000002,-51.800000000000004,64,0.014280675537309316,0.0510262696192391,99.27272586947252,-0.06340105856822366,Calibrated Gaussian / CIVA-like beam demonstrator
A_PA1_to_C1,85,-30.77429878000518,210.32809895482393,-90.24555516389714,-18.960000000000004,171.86,-51.800000000000004,64,0.010059193992236346,0.0385618913907315,99.39150118614032,-0.05301499731788399,Calibrated Gaussian / CIVA-like beam demonstrator
A_PA1_to_C1,86,-29.35375217488973,210.68921166922956,-90.34471752312658,-17.56,172.01,-51.800000000000004,64,0.006997827815965683,0.028361431827399,99.48508017591817,-0.04484091435574959,Calibrated Gaussian / CIVA-like beam demonstrator
A_PA1_to_C1,87,-27.92799141483868,211.031298188544,-90.43626926407941,-16.16,172.14,-51.800000000000004,64,0.0070096209281585616,0.0284314573020445,99.55260631401555,-0.0389473108272432,Calibrated Gaussian / CIVA-like beam demonstrator
A_PA1_to_C1,88,-26.497089863363012,211.35339983708315,-90.5198371965285,-14.760000000000002,172.27,-51.800000000000004,64,0.010502520907272302,0.0396896555522694,99.59049142837208,-0.03564249203184858,Calibrated Gaussian / CIVA-like beam demonstrator
A_PA1_to_C1,89,-25.060970741497925,211.65367905566976,-90.59469868759199,-13.36,172.38,-51.800000000000004,64,0.015256560675166467,0.0537466345011949,99.59855556754776,-0.03493919811081545,Calibrated Gaussian / CIVA-like beam demonstrator
A_PA1_to_C1,90,-23.62047023416736,211.93414305010467,-90.6616657715752,-11.950000000000001,172.49,-51.800000000000004,64,0.0202271974448997,0.0699304567558378,99.57976221337175,-0.03657830223223811,Calibrated Gaussian / CIVA-like beam demonstrator
A_PA1_to_C1,91,-22.175868009009665,212.19458342861978,-90.72066392626355,-10.549999999999999,172.57999999999998,-51.800000000000004,64,0.025303466135207564,0.0859599584719035,99.53376437276344,-0.04059141154801809,Calibrated Gaussian / CIVA-like beam demonstrator
A_PA1_to_C1,92,-20.727453063034627,212.4348042570237,-90.7716256382647,-9.14,172.66000000000003,-51.800000000000004,64,0.03095764136542036,0.1035461733488958,99.44749236327573,-0.0481232686938711,Calibrated Gaussian / CIVA-like beam demonstrator
A_PA1_to_C1,93,-19.27509516286899,212.65187307593305,-90.81339786387645,-7.740000000000001,172.73,-51.800000000000004,64,0.03671054154850525,0.1212869226093324,99.32743918021315,-0.05861522376561548,Calibrated Gaussian / CIVA-like beam demonstrator
A_PA1_to_C1,94,-17.819519238473163,212.84776169261778,-90.84677561774734,-6.329999999999999,172.78,-51.800000000000004,64,0.04219283869030855,0.1381077317268229,99.18500217008275,-0.0710798567555762,Calibrated Gaussian / CIVA-like beam demonstrator
A_PA1_to_C1,95,-16.361134123678585,213.02286263264017,-90.87192424144814,-4.920000000000001,172.82999999999998,-51.800000000000004,64,0.0476578967072137,0.1548256979355002,99.01412631798527,-0.08605680617188798,Calibrated Gaussian / CIVA-like beam demonstrator
A_PA1_to_C1,96,-14.900263257157544,213.17704027493124,-90.8888001372905,-3.52,172.86,-51.800000000000004,64,0.05340858555158852,0.1723807982313729,98.80216418713437,-0.10467084828056614,Calibrated Gaussian / CIVA-like beam demonstrator
A_PA1_to_C1,97,-13.437038247775748,213.30785671798188,-90.8964513331106,-2.11,172.89,-51.800000000000004,64,0.059450368408863266,0.1907986041123734,98.5451451846803,-0.1272953265113944,Calibrated Gaussian / CIVA-like beam demonstrator
A_PA1_to_C1,98,-11.971971855513628,213.41633410235178,-90.8952953630471,-0.7000000000000001,172.90000000000003,-51.800000000000004,64,0.06517852551559135,0.2082405008208461,98.27094462922855,-0.15149738546411656,Calibrated Gaussian / CIVA-like beam demonstrator
A_PA1_to_C1,99,-10.505520051148409,213.5035449776888,-90.88576482916936,0.7000000000000001,172.90000000000003,-51.800000000000004,64,0.07069187837799326,0.2250164206425324,97.97843111923744,-0.1773903793886256,Calibrated Gaussian / CIVA-like beam demonstrator
A_PA1_to_C1,100,-9.038027523084368,213.56942533875437,-90.8678456324201,2.11,172.89,-51.800000000000004,64,0.07661149165765706,0.2430191254427889,97.6328266166538,-0.20808274061696916,Calibrated Gaussian / CIVA-like beam demonstrator
A_PA1_to_C1,101,-7.569807923952865,213.61171415695907,-90.84065939040934,3.52,172.86,-51.800000000000004,64,0.0827286849348749,0.2616142699404555,97.24269254557983,-0.2428604903012459,Calibrated Gaussian / CIVA-like beam demonstrator
A_PA1_to_C1,102,-6.101304348598901,213.63124009584072,-90.80454633078628,4.920000000000001,172.82999999999998,-51.800000000000004,64,0.08848429158473363,0.2791067935036402,96.84493982726381,-0.2784613269838337,Calibrated Gaussian / CIVA-like beam demonstrator
A_PA1_to_C1,103,-4.63290635035838,213.62934326947374,-90.76004220259485,6.329999999999999,172.78,-51.800000000000004,64,0.09411652709613634,0.296219557136645,96.42696620852072,-0.316029936496935,Calibrated Gaussian / CIVA-like beam demonstrator
A_PA1_to_C1,104,-3.1649638383140877,213.60603355183596,-90.70716071871892,7.740000000000001,172.73,-51.800000000000004,64,0.10006687199187445,0.3142975077327854,95.95615212096587,-0.3585435146546361,Calibrated Gaussian / CIVA-like beam demonstrator
A_PA1_to_C1,105,-1.6979432858259353,213.5591929571022,-90.64508693655806,9.14,172.66000000000003,-51.800000000000004,64,0.10613203749513045,0.3327217430563784,95.44569931563116,-0.4048727137811247,Calibrated Gaussian / CIVA-like beam demonstrator
A_PA1_to_C1,106,-0.23222839492114947,213.48964013175785,-90.57415246751474,10.549999999999999,172.57999999999998,-51.800000000000004,64,0.11196202208861236,0.3504307409646792,94.92506584201982,-0.4523818590456918,Calibrated Gaussian / CIVA-like beam demonstrator
A_PA1_to_C1,107,1.2318954371084,213.3988401321371,-90.49493980542698,11.950000000000001,172.49,-51.800000000000004,64,0.11751998468753717,0.3673140367318233,94.4009669630719,-0.5004711427302448,Calibrated Gaussian / CIVA-like beam demonstrator
A_PA1_to_C1,108,2.694089560874574,213.28687627509436,-90.40749239818874,13.36,172.38,-51.800000000000004,64,0.12338500454090727,0.3851278159128064,93.82237110496003,-0.5538719127936489,Calibrated Gaussian / CIVA-like beam demonstrator
A_PA1_to_C1,109,4.153793231843601,213.15203258624499,-90.31115359116733,14.760000000000002,172.27,-51.800000000000004,64,0.1293960021734223,0.4033869156079142,93.2020904911719,-0.6114869291867832,Calibrated Gaussian / CIVA-like beam demonstrator
A_PA1_to_C1,110,5.61063904281975,212.99469452634864,-90.20608538842838,16.16,172.14,-51.800000000000004,64,0.13512663944061828,0.4207948440593192,92.58262861763096,-0.669409856692621,Calibrated Gaussian / CIVA-like beam demonstrator
A_PA1_to_C1,111,7.064485336711199,212.81660122945664,-90.09297442379184,17.56,172.01,-51.800000000000004,64,0.1406268095366257,0.4375058411486456,91.96239618453333,-0.7277944244008266,Calibrated Gaussian / CIVA-like beam demonstrator
A_PA1_to_C1,112,8.51502038884186,212.61790787921865,-89.97189010856015,18.960000000000004,171.86,-51.800000000000004,64,0.14623363890651805,0.4545403286670328,91.30761081866642,-0.7898604189109755,Calibrated Gaussian / CIVA-like beam demonstrator
A_PA1_to_C1,113,9.961751170364485,212.3978116720477,-89.8425329653821,20.36,171.70000000000002,-51.800000000000004,64,0.15211892376886554,0.4724210729860978,90.59844958650271,-0.857584687035023,Calibrated Gaussian / CIVA-like beam demonstrator
A_PA1_to_C1,114,11.404091829012076,212.15529861284764,-89.70452284322879,21.75,171.53,-51.800000000000004,64,0.15777180419126655,0.4895989663118705,89.89189635536522,-0.9255891523825421,Calibrated Gaussian / CIVA-like beam demonstrator
A_PA1_to_C1,115,12.842164013141216,211.89280589036773,-89.55881087418322,23.150000000000002,171.33999999999997,-51.800000000000004,64,0.16315512470337176,0.5059590261393296,89.19528786662644,-0.9931617706788004,Calibrated Gaussian / CIVA-like beam demonstrator
A_PA1_to_C1,116,14.275694736015762,211.61054562237044,-89.40548865092514,24.539999999999996,171.15000000000003,-51.800000000000004,64,0.16844903653349202,0.5220513805737141,88.48974092956013,-1.062141527499665,Calibrated Gaussian / CIVA-like beam demonstrator
A_PA1_to_C1,117,15.704420609000888,211.30873996345576,-89.24465069119623,25.94,170.94000000000003,-51.800000000000004,64,0.17408031422067147,0.5391670415083851,87.72344974686243,-1.1376859583656107,Calibrated Gaussian / CIVA-like beam demonstrator
A_PA1_to_C1,118,17.127467061117866,210.98538880309277,-89.07554022675585,27.32999999999999,170.73,-51.800000000000004,64,0.17969216156390255,0.5562277831547426,86.93961839799628,-1.2156454075892136,Calibrated Gaussian / CIVA-like beam demonstrator
A_PA1_to_C1,119,18.545002421059255,210.64245975846782,-88.89892252982665,28.710000000000004,170.5,-51.800000000000004,64,0.18488551452721108,0.5720201896776196,86.19105470283141,-1.290756097609739,Calibrated Gaussian / CIVA-like beam demonstrator
A_PA1_to_C1,120,19.95695951902884,210.2808108869594,-88.71513602499982,30.099999999999998,170.26,-51.800000000000004,64,0.19003369197030362,0.5876771956712581,85.43210986426325,-1.3675773600186893,Calibrated Gaussian / CIVA-like beam demonstrator
A_PA1_to_C1,121,21.36312255140996,209.9007043348374,-88.5242901501563,31.490000000000002,170.01,-51.800000000000004,64,0.19514861040238302,0.6032353482418884,84.66208534697843,-1.4462207688509154,Calibrated Gaussian / CIVA-like beam demonstrator
A_PA1_to_C1,122,22.76328716330818,209.50241116711732,-88.32649553713337,32.87,169.75,-51.800000000000004,64,0.2004135668075575,0.6192509430858095,83.85665176257827,-1.5292496428622537,Calibrated Gaussian / CIVA-like beam demonstrator
A_PA1_to_C1,123,24.15657910066909,209.0843250844419,-88.12115160875747,34.25,169.47,-51.800000000000004,64,0.20569781666979126,0.6353259508700901,83.03362252059323,-1.6149202926283923,Calibrated Gaussian / CIVA-like beam demonstrator
A_PA1_to_C1,124,25.54329346643664,208.64820724072277,-87.90893755362835,35.63,169.19000000000003,-51.800000000000004,64,0.21068909234147754,0.6505161551674838,82.237693113515,-1.6985816153521103,Calibrated Gaussian / CIVA-like beam demonstrator
A_PA1_to_C1,125,26.92344255045924,208.19485717158383,-87.69016649807517,37.0,168.89,-51.800000000000004,64,0.21550659965580013,0.6651803588983327,81.45411862777114,-1.7817390246314475,Calibrated Gaussian / CIVA-like beam demonstrator
A_PA1_to_C1,126,28.29687241634866,207.724568192602,-87.46495907252391,38.38,168.59,-51.800000000000004,64,0.22035963505885894,0.6799555754597257,80.65403185043537,-1.8674783518291744,Calibrated Gaussian / CIVA-like beam demonstrator
A_PA1_to_C1,127,29.66343968894298,207.2376364073354,-87.2334345109946,39.75,168.27,-51.800000000000004,64,0.22510714328024303,0.6944117451365841,79.85847961601817,-1.9535792473863776,Calibrated Gaussian / CIVA-like beam demonstrator
A_PA1_to_C1,128,31.02301268372917,206.73436170913823,-86.99571479085466,41.12,167.94000000000003,-51.800000000000004,64,0.2300381530463988,0.709426494194755,79.02562299431867,-2.044641434746238,Calibrated Gaussian / CIVA-like beam demonstrator
A_PA1_to_C1,129,32.37470356525211,206.2133764793259,-86.75128976688967,42.48,167.6,-51.800000000000004,64,0.23487889817373786,0.7241703928333969,78.19617178144323,-2.1362901600027975,Calibrated Gaussian / CIVA-like beam demonstrator
A_PA1_to_C1,130,33.719101063085496,205.67660809481978,-86.50089817554122,43.84,167.25,-51.800000000000004,64,0.23945556182529396,0.7381156370464232,77.39737975394083,-2.225474837418891,Calibrated Gaussian / CIVA-like beam demonstrator
A_PA1_to_C1,131,35.05617762104751,205.12451340531013,-86.24471920298934,45.199999999999996,166.89,-51.800000000000004,64,0.24397876450892964,0.7519008876792093,76.59867501380818,-2.3155748525616406,Calibrated Gaussian / CIVA-like beam demonstrator
A_PA1_to_C1,132,36.38584781708681,204.55739637263827,-85.98287507018212,46.56,166.51,-51.800000000000004,64,0.24846590696909945,0.765577213252115,75.79804767382669,-2.4068396064627047,Calibrated Gaussian / CIVA-like beam demonstrator
A_PA1_to_C1,133,37.708036415029035,203.97556182960764,-85.71548684828234,47.91,166.13,-51.800000000000004,64,0.2528582311370659,0.7789702475630573,75.00517673940328,-2.4981752250271505,Calibrated Gaussian / CIVA-like beam demonstrator
A_PA1_to_C1,134,39.02267691114972,203.37931197772244,-85.44267500237241,49.26,165.73,-51.800000000000004,64,0.25721647133725656,0.7922603004331279,74.21133898119555,-2.590594648938885,Calibrated Gaussian / CIVA-like beam demonstrator
A_PA1_to_C1,135,40.32971261578654,202.7689489916381,-85.16455939825487,50.61000000000001,165.33,-51.800000000000004,64,0.26156048488165323,0.8055110202519291,73.41394815971027,-2.684428383884086,Calibrated Gaussian / CIVA-like beam demonstrator
A_PA1_to_C1,136,41.62902929258818,202.1446564938012,-84.8812160005424,51.959999999999994,164.91,-51.800000000000004,64,0.265994759174519,0.8190357546963742,72.596993645868,-2.781627274715523,Calibrated Gaussian / CIVA-like beam demonstrator
A_PA1_to_C1,137,42.92008254787703,201.5058761804476,-84.59244212770967,53.300000000000004,164.48,-51.800000000000004,64,0.27031184954486687,0.8322078626895415,71.79354111120377,-2.8782925039946377,Calibrated Gaussian / CIVA-like beam demonstrator
A_PA1_to_C1,138,44.20344095580124,200.85397418525878,-84.29875593198064,54.63,164.04,-51.800000000000004,64,0.2744037748115215,0.844699696749931,71.02145639434099,-2.972208522540916,Calibrated Gaussian / CIVA-like beam demonstrator
A_PA1_to_C1,139,45.479083879422326,200.18924068764778,-84.00027201496113,55.97000000000001,163.59,-51.800000000000004,64,0.2785311817208103,0.8573005696175873,70.23993623450734,-3.0683178272936806,Calibrated Gaussian / CIVA-like beam demonstrator
A_PA1_to_C1,140,46.74699928704411,199.51196483801507,-83.69710381974916,57.300000000000004,163.13,-51.800000000000004,64,0.2825688924585134,0.8696319219071764,69.46934296903798,-3.164136172007817,Calibrated Gaussian / CIVA-like beam demonstrator
A_PA1_to_C1,141,48.007181537454464,198.82243129729406,-83.3893624432826,58.62,162.66,-51.800000000000004,64,0.2865185808352185,0.8816988363767049,68.7099007835611,-3.2596135715142553,Calibrated Gaussian / CIVA-like beam demonstrator
A_PA1_to_C1,142,49.25963216287593,198.1209211440478,-83.07715879174981,59.94,162.18000000000004,-51.800000000000004,64,0.29044343347159135,0.8936923441911819,67.95188267109462,-3.355970124519106,Calibrated Gaussian / CIVA-like beam demonstrator
A_PA1_to_C1,143,50.504359087927725,197.40771154897067,-82.76060183738355,61.26,161.68000000000004,-51.800000000000004,64,0.29434271995162525,0.905608202660769,67.1957594250875,-3.453162668802916,Calibrated Gaussian / CIVA-like beam demonstrator
A_PA1_to_C1,144,51.741376300498345,196.68307631020824,-82.4397969481123,62.57999999999999,161.18000000000004,-51.800000000000004,64,0.29821969642995133,0.9174601791009512,66.44134601346047,-3.5512315580380442,Calibrated Gaussian / CIVA-like beam demonstrator
A_PA1_to_C1,145,52.97070413149112,195.9472847727104,-82.11485016116147,63.88999999999999,160.66,-51.800000000000004,64,0.30201150009657596,0.9290542253283416,65.69915215598397,-3.648804699018558,Calibrated Gaussian / CIVA-like beam demonstrator
A_PA1_to_C1,146,54.19236807897806,195.20060217646076,-81.78586373787523,65.19,160.14,-51.800000000000004,64,0.3057225916711874,0.9404079344284088,64.96880377158328,-3.745902590868768,Calibrated Gaussian / CIVA-like beam demonstrator
A_PA1_to_C1,147,55.40639861693579,194.44328844032668,-81.45293907592712,66.49,159.6,-51.800000000000004,64,0.3094114698005802,0.9516938890814596,64.24112533902193,-3.8437371988444093,Calibrated Gaussian / CIVA-like beam demonstrator
A_PA1_to_C1,148,56.61283103800742,193.67559868660254,-81.11617586847466,67.79,159.05999999999997,-51.800000000000004,64,0.31308102029770934,0.9629249805475748,63.51592489723171,-3.9423474696224003,Calibrated Gaussian / CIVA-like beam demonstrator
A_PA1_to_C1,149,57.811705742301854,192.89778461982107,-80.77567078527012,69.08,158.5,-51.800000000000004,64,0.3166700789938312,0.9739121039881872,62.8033987219032,-4.040337059578408,Calibrated Gaussian / CIVA-like beam demonstrator
A_PA1_to_C1,150,59.00306735462651,192.11009300087852,-80.431518605454,70.37,157.93000000000004,-51.800000000000004,64,0.3202396032199816,0.9848414802919584,62.09390407996746,-4.139020670987003,Calibrated Gaussian / CIVA-like beam demonstrator
A_PA1_to_C1,151,60.18696445293097,191.3127651870468,-80.08381316359738,71.64999999999999,157.35,-51.800000000000004,64,0.32373202963809994,0.9955392314168972,61.397020351850266,-4.237054100352369,Calibrated Gaussian / CIVA-like beam demonstrator
A_PA1_to_C1,152,61.363448392895926,190.5060368241799,-79.73264497029759,72.93,156.77,-51.800000000000004,64,0.32720734593040496,1.006188774503748,60.70323202795095,-4.335763702535572,Calibrated Gaussian / CIVA-like beam demonstrator
A_PA1_to_C1,153,62.53257525076112,189.69013986366625,-79.37810395588245,74.2,156.17,-51.800000000000004,64,0.33060578953742653,1.0166050278203151,60.02243567314487,-4.433727703067101,Calibrated Gaussian / CIVA-like beam demonstrator
A_PA1_to_C1,154,63.69440350185477,188.86530081635576,-79.02027652704841,75.47000000000001,155.55999999999997,-51.800000000000004,64,0.3339862423500384,1.026967959604793,59.3452775988299,-4.532276686460098,Calibrated Gaussian / CIVA-like beam demonstrator
A_PA1_to_C1,155,64.8489950311793,188.0317417660356,-78.65924735945033,76.74,154.94000000000003,-51.800000000000004,64,0.337348220751089,1.0372760004783783,58.67202823280443,-4.63137796804434,Calibrated Gaussian / CIVA-like beam demonstrator
A_PA1_to_C1,156,65.99641377848023,187.18967854614155,-78.29510006010504,77.99,154.30999999999997,-51.800000000000004,64,0.34058126541314965,1.0471958577751828,58.02069014797562,-4.728342192613011,Calibrated Gaussian / CIVA-like beam demonstrator
A_PA1_to_C1,157,67.13672726207854,186.33932368048724,-77.92791593936606,79.25,153.67,-51.800000000000004,64,0.34385128100569384,1.0572279271483378,57.36462820095753,-4.827116337512612,Calibrated Gaussian / CIVA-like beam demonstrator
A_PA1_to_C1,158,68.27000362544096,185.48088326556928,-77.55777279708339,80.5,153.02,-51.800000000000004,64,0.3470482466495715,1.0670402634423954,56.721733915099406,-4.925010035255074,Calibrated Gaussian / CIVA-like beam demonstrator
A_PA1_to_C1,159,69.3963146922312,184.6145597302445,-77.1847486605872,81.74,152.36,-51.800000000000004,64,0.35017309255500206,1.076635648657227,56.0919556557279,-5.021988359486995,Calibrated Gaussian / CIVA-like beam demonstrator
A_PA1_to_C1,160,70.51573242914215,183.7405493031635,-76.80891769989609,82.98,151.69000000000003,-51.800000000000004,64,0.3532790800281026,1.0861745403070984,55.46685566612454,-5.119329058683116,Calibrated Gaussian / CIVA-like beam demonstrator
A_PA1_to_C1,161,71.62833176385743,182.85904442487737,-76.43035371243633,84.20999999999998,151.01,-51.800000000000004,64,0.35631320921278803,1.0954971217418024,54.85502176407973,-5.215672165942696,Calibrated Gaussian / CIVA-like beam demonstrator
A_PA1_to_C1,162,72.7341889123776,181.9702330772119,-76.04912746341596,85.43,150.31999999999996,-51.800000000000004,64,0.35927634947791615,1.1046059796235337,54.256371738706115,-5.310985039554922,Calibrated Gaussian / CIVA-like beam demonstrator
A_PA1_to_C1,163,73.83338034769405,181.07429724503456,-75.66530789168684,86.64999999999999,149.62,-51.800000000000004,64,0.36221935752152334,1.1136541629677854,53.66287923444928,-5.40652058703213,Calibrated Gaussian / CIVA-like beam demonstrator
A_PA1_to_C1,164,74.92598411421237,180.1714145158533,-75.27896292817486,87.87,148.91,-51.800000000000004,64,0.36514047132435334,1.122636160440038,53.07492534915563,-5.502212160091869,Calibrated Gaussian / CIVA-like beam demonstrator
A_PA1_to_C1,165,76.01207975140402,179.26175897620308,-74.89015774945686,89.08000000000001,148.19000000000003,-51.800000000000004,64,0.367989134897169,1.131399680334006,52.50057673175526,-5.596718514721588,Calibrated Gaussian / CIVA-like beam demonstrator
A_PA1_to_C1,166,77.09174762221413,178.34549973922316,-74.49895691208108,90.27999999999999,147.46,-51.800000000000004,64,0.3707657947861125,1.13994600737305,51.9397729047713,-5.689999071192583,Calibrated Gaussian / CIVA-like beam demonstrator
A_PA1_to_C1,167,78.16506757020038,177.42280052578397,-74.10542222749869,91.48,146.72,-51.800000000000004,64,0.3735179104977648,1.1484177101826774,51.385077089475004,-5.7832597518762565,Calibrated Gaussian / CIVA-like beam demonstrator
A_PA1_to_C1,168,79.23212000205739,176.4938213322094,-73.70961251769542,92.66999999999999,145.97,-51.800000000000004,64,0.3762630295842891,1.1568691629764416,50.83381486147729,-5.876945942432112,Calibrated Gaussian / CIVA-like beam demonstrator
A_PA1_to_C1,169,80.2922457066076,175.5579947426321,-73.31132774143599,93.86,145.21,-51.800000000000004,64,0.3789847369857936,1.165249282540552,50.2886290234615,-5.970604080447419,Calibrated Gaussian / CIVA-like beam demonstrator
A_PA1_to_C1,170,81.34621913040816,174.6161687651467,-72.91087417856407,95.02999999999999,144.44000000000003,-51.800000000000004,64,0.3815235960685123,1.1730769513970358,49.77429130407328,-6.05989829649682,Calibrated Gaussian / CIVA-like beam demonstrator
A_PA1_to_C1,171,82.39413102461414,173.66849982189953,-72.5083120976078,96.21000000000001,143.66,-51.800000000000004,64,0.3840750804399635,1.180940650980867,49.26038757211247,-6.150043510609191,Calibrated Gaussian / CIVA-like beam demonstrator
A_PA1_to_C1,172,83.43606417922193,172.7151329239223,-72.10369582975609,97.37,142.87,-51.800000000000004,64,0.3865067992149247,1.1884430381762885,48.76739145087034,-6.237409480660313,Calibrated Gaussian / CIVA-like beam demonstrator
A_PA1_to_C1,173,84.4721014411665,171.75620943958637,-71.69707749993427,98.52999999999999,142.08,-51.800000000000004,64,0.3889094603776805,1.1958594774900266,48.281265545771404,-6.324427094467357,Calibrated Gaussian / CIVA-like beam demonstrator
A_PA1_to_C1,174,85.50232556270261,170.79186635775702,-71.28850885598136,99.68,141.27,-51.800000000000004,64,0.3912293045869601,1.2030216192826335,47.810237658621396,-6.409581949522273,Calibrated Gaussian / CIVA-like beam demonstrator
A_PA1_to_C1,175,86.52681905914028,169.82223673745816,-70.87804031093589,100.83000000000001,140.45000000000002,-51.800000000000004,64,0.39351038735003796,1.2100645926899336,47.34752560727252,-6.494054247971044,Calibrated Gaussian / CIVA-like beam demonstrator
A_PA1_to_C1,176,87.54566407425342,168.8474505459108,-70.46571908527208,101.97000000000001,139.63,-51.800000000000004,64,0.39575098634245803,1.2169881832932177,46.89338236105029,-6.577768820265774,Calibrated Gaussian / CIVA-like beam demonstrator
A_PA1_to_C1,177,88.55844803780349,167.867192725398,-70.05143424762115,103.10000000000001,138.79,-51.800000000000004,64,0.3979449530170232,1.223766701647154,46.448720381482914,-6.660524918192914,Calibrated Gaussian / CIVA-like beam demonstrator
A_PA1_to_C1,178,89.56514571001105,166.8815077296887,-69.63520370616975,104.23,137.95000000000002,-51.800000000000004,64,0.40006719814642255,1.2303292057469086,46.017279675911745,-6.741581166915464,Calibrated Gaussian / CIVA-like beam demonstrator
A_PA1_to_C1,179,90.5664053981267,165.89102646115222,-69.21725653762716,105.35000000000001,137.1,-51.800000000000004,64,0.4020662236033336,1.2365174080718582,45.60668884514535,-6.819429148683779,Calibrated Gaussian / CIVA-like beam demonstrator
A_PA1_to_C1,180,91.562308909002,164.8958659730496,-68.79763588335707,106.46000000000001,136.24,-51.800000000000004,64,0.403979724504368,1.2424455133595167,45.21115247470535,-6.895088445013856,Calibrated Gaussian / CIVA-like beam demonstrator
A_PA1_to_C1,181,92.55293700046965,163.896139665199,-68.3763832599028,107.56999999999996,135.36,-51.800000000000004,64,0.4058328189089397,1.2481836980406855,44.82683029254441,-6.969239380670027,Calibrated Gaussian / CIVA-like beam demonstrator
A_PA1_to_C1,182,93.5383696865723,162.89195751358884,-67.95353909558447,108.66999999999999,134.48,-51.800000000000004,64,0.40760352614484185,1.2536746699345738,44.456905928300664,-7.041215324429584,Calibrated Gaussian / CIVA-like beam demonstrator
A_PA1_to_C1,183,94.51868676017396,161.88342654705932,-67.52914318940918,109.76,133.6,-51.800000000000004,64,0.40935934048325207,1.2591232270341894,44.09132641613291,-7.112936718623333,Calibrated Gaussian / CIVA-like beam demonstrator
A_PA1_to_C1,184,95.49271186178295,160.8696074210233,-67.1028632821566,110.84000000000002,132.70000000000002,-51.800000000000004,64,0.41101969670861793,1.2642771230155816,43.74192335337222,-7.1820424948328725,Calibrated Gaussian / CIVA-like beam demonstrator
A_PA1_to_C1,185,96.46170388940378,159.85160660413624,-66.67509437547085,111.91999999999999,131.79,-51.800000000000004,64,0.4125495406802816,1.269031256766013,43.41368853717848,-7.247466276642378,Calibrated Gaussian / CIVA-like beam demonstrator
A_PA1_to_C1,186,97.42578646563032,158.82956069145675,-66.24588697364936,112.99,130.88,-51.800000000000004,64,0.4139896418476335,1.2735154386848553,43.10049332395842,-7.310355178387783,Calibrated Gaussian / CIVA-like beam demonstrator
A_PA1_to_C1,187,98.38503709192017,157.8035656055637,-65.81527629218839,114.04999999999998,129.95000000000002,-51.800000000000004,64,0.4153242002335693,1.2776732918936275,42.80450986992359,-7.370209428877244,Calibrated Gaussian / CIVA-like beam demonstrator
A_PA1_to_C1,188,99.33953257020568,156.7737146908155,-65.38329636264972,115.10000000000001,129.02,-51.800000000000004,64,0.41659774288334184,1.2816481195988896,42.51915539189967,-7.428307419325003,Calibrated Gaussian / CIVA-like beam demonstrator
A_PA1_to_C1,189,100.28870623937986,155.7395876756556,-64.94979971852082,116.14999999999999,128.08,-51.800000000000004,64,0.41783164636934195,1.2854980512397578,42.24127717802083,-7.4852591849671555,Calibrated Gaussian / CIVA-like beam demonstrator
A_PA1_to_C1,190,101.23243476882728,154.7011333967404,-64.5147688375107,117.19000000000003,127.13,-51.800000000000004,64,0.41893562454626737,1.288951347806659,41.983798072381234,-7.538365508848241,Calibrated Gaussian / CIVA-like beam demonstrator
A_PA1_to_C1,191,102.17160842977847,153.6590922034527,-64.07846897385889,118.22000000000001,126.16999999999999,-51.800000000000004,64,0.4199019841655048,1.2919843422552797,41.747645007964486,-7.587360362358454,Calibrated Gaussian / CIVA-like beam demonstrator
A_PA1_to_C1,192,103.10630135656041,152.61354772560279,-63.64093019392647,119.24,125.21000000000001,-51.800000000000004,64,0.420773791826222,1.2947320423033446,41.526497426937034,-7.63349396258592,Calibrated Gaussian / CIVA-like beam demonstrator
A_PA1_to_C1,193,104.03658653160821,151.5645810663427,-63.20218148831106,120.25,124.23,-51.800000000000004,64,0.4215583032042295,1.297207289971933,41.31921161600549,-7.6769594710661915,Calibrated Gaussian / CIVA-like beam demonstrator
A_PA1_to_C1,194,104.96171515673508,150.511645489133,-62.76203108739684,121.26,123.25,-51.800000000000004,64,0.42229108210826805,1.2995242469812034,41.12064745724639,-7.71880111717406,Calibrated Gaussian / CIVA-like beam demonstrator
A_PA1_to_C1,195,105.88177918168331,149.45485205613636,-62.320520446667565,122.26,122.26,-51.800000000000004,64,0.4228863842432959,1.3014206607319905,40.94287323916257,-7.756433664282156,Calibrated Gaussian / CIVA-like beam demonstrator
A_PA1_to_C1,196,106.79762797996237,148.3948745970604,-61.87788756053159,123.25,121.26,-51.800000000000004,64,0.4233461818277756,1.3029022216024195,40.7854577785167,-7.789893175623317,Calibrated Gaussian / CIVA-like beam demonstrator
A_PA1_to_C1,197,107.70933131348907,147.33178524017583,-61.434158567066405,124.23,120.25,-51.800000000000004,64,0.4236949444284939,1.3040429958044388,40.64481993100846,-7.819895923282758,Calibrated Gaussian / CIVA-like beam demonstrator
A_PA1_to_C1,198,108.61695799999998,146.265654,-60.98935899999999,125.21000000000001,119.24,-51.800000000000004,64,0.42385466912357944,1.3046079636158812,40.531792539087036,-7.844083778795902,Calibrated Gaussian / CIVA-like beam demonstrator
B_PA2_to_C2,0,-111.34408899999997,143.73034699999997,-72.942256,-123.80999999999997,161.25,-51.800000000000004,64,0.24095865361427504,0.7514018074731368,66.28516324120478,-3.571673396777671,Calibrated Gaussian / CIVA-like beam demonstrator
B_PA2_to_C2,1,-110.38386537861791,143.92504987544245,-73.40755896180973,-122.74,162.06999999999996,-51.800000000000004,64,0.23561343125132797,0.7347603543443917,67.12533167564715,-3.462271107546839,Calibrated Gaussian / CIVA-like beam demonstrator
B_PA2_to_C2,2,-109.4218299609588,144.11853270974237,-73.86961573883003,-121.65999999999998,162.88,-51.800000000000004,64,0.2302413978591252,0.718057606485333,67.96490577356009,-3.354305617398228,Calibrated Gaussian / CIVA-like beam demonstrator
B_PA2_to_C2,3,-108.45798450643372,144.31078641668583,-74.32840069786123,-120.56999999999996,163.68000000000004,-51.800000000000004,64,0.22499301387131362,0.7017490025067996,68.78431100116347,-3.25021217209899,Calibrated Gaussian / CIVA-like beam demonstrator
B_PA2_to_C2,4,-107.49233079569571,144.50179958697743,-74.78388860572728,-119.48,164.48,-51.800000000000004,64,0.21988780074796788,0.6858871634700918,69.58119506326406,-3.1501623295541497,Calibrated Gaussian / CIVA-like beam demonstrator
B_PA2_to_C2,5,-106.5248704079047,144.69156262453677,-75.23605239698662,-118.39,165.27,-51.800000000000004,64,0.21498392193049123,0.6706515509808142,70.34858623473862,-3.054892519416617,Calibrated Gaussian / CIVA-like beam demonstrator
B_PA2_to_C2,6,-105.55560598576687,144.8800661623952,-75.684866540274,-117.28999999999999,166.05999999999997,-51.800000000000004,64,0.21012111698815064,0.6555536623474367,71.10653468550716,-2.9618097160804107,Calibrated Gaussian / CIVA-like beam demonstrator
B_PA2_to_C2,7,-104.58453988214104,145.06729927392988,-76.1303048784166,-116.18000000000004,166.83,-51.800000000000004,64,0.20541370954855306,0.6409460151868256,71.84108941287431,-2.8725418112213545,Calibrated Gaussian / CIVA-like beam demonstrator
B_PA2_to_C2,8,-103.61167478761367,145.25325172348178,-76.57234104120653,-115.06999999999996,167.6,-51.800000000000004,64,0.20082603713680375,0.6267115065142619,72.55685322105649,-2.7864312164139484,Calibrated Gaussian / CIVA-like beam demonstrator
B_PA2_to_C2,9,-102.63701375124137,145.4379140468565,-77.01094843943008,-113.95000000000002,168.36,-51.800000000000004,64,0.19631991130131585,0.6127383548708369,73.25853440980703,-2.7028354792226246,Calibrated Gaussian / CIVA-like beam demonstrator
B_PA2_to_C2,10,-101.66056005064681,145.62127561992432,-77.44610080389658,-112.83000000000001,169.12,-51.800000000000004,64,0.19192502593647556,0.599111585730844,73.94276158219516,-2.6220866723607053,Calibrated Gaussian / CIVA-like beam demonstrator
B_PA2_to_C2,11,-100.68231730915193,145.80332558276277,-77.877772044352,-111.70000000000002,169.86,-51.800000000000004,64,0.18765271122483945,0.5858722153598901,74.60846524367714,-2.5442378741277816,Calibrated Gaussian / CIVA-like beam demonstrator
B_PA2_to_C2,12,-99.70228929415875,145.98405451638737,-78.30593509369716,-110.56999999999996,170.6,-51.800000000000004,64,0.1834800329248651,0.5729429868421807,75.2585265936538,-2.4688857704186513,Calibrated Gaussian / CIVA-like beam demonstrator
B_PA2_to_C2,13,-98.7204801590521,146.16345228221533,-78.73056335422048,-109.43000000000004,171.32999999999998,-51.800000000000004,64,0.17936548567046134,0.5602014821108465,75.89776200210979,-2.395420599208718,Calibrated Gaussian / CIVA-like beam demonstrator
B_PA2_to_C2,14,-97.73689414441263,146.34150742262747,-79.15163026818743,-108.28999999999999,172.05999999999997,-51.800000000000004,64,0.1753435556473542,0.5477480458174053,76.52241250545539,-2.3242269304246927,Calibrated Gaussian / CIVA-like beam demonstrator
B_PA2_to_C2,15,-96.75153606554488,146.51821029674127,-79.56910911524015,-107.14999999999999,172.77,-51.800000000000004,64,0.17150377264095845,0.5358592628449479,77.12300775405056,-2.256320830674216,Calibrated Gaussian / CIVA-like beam demonstrator
B_PA2_to_C2,16,-95.76441098545337,146.6935506411538,-79.98297329248383,-106.0,173.48,-51.800000000000004,64,0.16765978248998983,0.523964920735466,77.72000226926102,-2.1893439078353434,Calibrated Gaussian / CIVA-like beam demonstrator
B_PA2_to_C2,17,-94.77552469784551,146.8675188399196,-80.39319692783319,-104.84000000000002,174.18000000000004,-51.800000000000004,64,0.16385464647238313,0.5121977481559092,78.30863492732205,-2.123806931376984,Calibrated Gaussian / CIVA-like beam demonstrator
B_PA2_to_C2,18,-93.78488196301029,147.0401026255261,-80.79975203414823,-103.68000000000004,174.88,-51.800000000000004,64,0.16011940585488318,0.5006482555727807,78.8856661273615,-2.060038056806008,Calibrated Gaussian / CIVA-like beam demonstrator
B_PA2_to_C2,19,-92.79243553795598,147.21124955115144,-81.20249796185014,-102.52,175.55999999999997,-51.800000000000004,64,0.15653925098192817,0.4895794593078211,79.4425691541703,-1.9989343860648692,Calibrated Gaussian / CIVA-like beam demonstrator
B_PA2_to_C2,20,-91.79822993559468,147.3809789162688,-81.60148673117952,-101.35000000000001,176.24,-51.800000000000004,64,0.15295149371908023,0.4784932942160136,79.99613464497418,-1.9386199458897522,Calibrated Gaussian / CIVA-like beam demonstrator
B_PA2_to_C2,21,-90.80229103355435,147.54929578769315,-81.9967325985091,-100.16999999999999,176.91000000000003,-51.800000000000004,64,0.14938961896736033,0.4674932849315567,80.54282605512239,-1.8794627221325246,Calibrated Gaussian / CIVA-like beam demonstrator
B_PA2_to_C2,22,-89.80462601702506,147.71619055711744,-82.38820952039464,-98.99,177.56999999999996,-51.800000000000004,64,0.145930706675153,0.4568123399304333,81.07511913380995,-1.8222480898267104,Calibrated Gaussian / CIVA-like beam demonstrator
B_PA2_to_C2,23,-88.80524149658002,147.8816512982623,-82.77589017906962,-97.81,178.22,-51.800000000000004,64,0.14256980587870335,0.446435163302068,81.5937891318274,-1.7668579642445212,Calibrated Gaussian / CIVA-like beam demonstrator
B_PA2_to_C2,24,-87.80414478986356,148.0456683441914,-83.15974727592673,-96.62,178.87,-51.800000000000004,64,0.13918472891319797,0.4359890931332622,82.11052243835526,-1.7120236921812828,Calibrated Gaussian / CIVA-like beam demonstrator
B_PA2_to_C2,25,-86.8013441490417,148.20823110062227,-83.53975553399744,-95.43,179.51,-51.800000000000004,64,0.13589178936367757,0.4258284588200727,82.61434404219565,-1.6588908217434741,Calibrated Gaussian / CIVA-like beam demonstrator
B_PA2_to_C2,26,-85.79684713155581,148.36932931117394,-83.91588687010773,-94.24,180.14,-51.800000000000004,64,0.1326865248275906,0.4159394809482375,83.10591976437041,-1.6073607928056965,Calibrated Gaussian / CIVA-like beam demonstrator
B_PA2_to_C2,27,-84.79066219213736,148.52895259434032,-84.28811479164705,-93.03999999999999,180.76,-51.800000000000004,64,0.1294846897242477,0.4060666293604633,83.59293871283352,-1.556608137241814,Calibrated Gaussian / CIVA-like beam demonstrator
B_PA2_to_C2,28,-83.78279833852456,148.68709051038687,-84.65641348019483,-91.83000000000001,181.38,-51.800000000000004,64,0.12625202401215285,0.3961036804292757,84.07820010287364,-1.5063318800712713,Calibrated Gaussian / CIVA-like beam demonstrator
B_PA2_to_C2,29,-82.7732644843618,148.84373269838645,-85.0207559726652,-90.63,181.98,-51.800000000000004,64,0.12320949635248746,0.3867242065995757,84.54257987198461,-1.4584900705063288,Calibrated Gaussian / CIVA-like beam demonstrator
B_PA2_to_C2,30,-81.76207001190437,148.99886944655137,-85.38111544941161,-89.40999999999998,182.57999999999998,-51.800000000000004,64,0.12005253254529383,0.377000752160221,85.0122290323305,-1.4103719282441818,Calibrated Gaussian / CIVA-like beam demonstrator
B_PA2_to_C2,31,-80.74922459345133,149.1524895339555,-85.73746566339399,-88.20000000000002,183.17000000000002,-51.800000000000004,64,0.11704799411041997,0.3677440557806211,85.46459916148775,-1.3642747984290737,Calibrated Gaussian / CIVA-like beam demonstrator
B_PA2_to_C2,32,-79.73473816719762,149.3045824755824,-86.0897799062965,-86.98,183.75,-51.800000000000004,64,0.11403489087960277,0.3584658222267389,85.913152155166,-1.3188069279891221,Calibrated Gaussian / CIVA-like beam demonstrator
B_PA2_to_C2,33,-78.71862135234822,149.4551382571482,-86.4380323272578,-85.76,184.32999999999998,-51.800000000000004,64,0.11106136496978364,0.3493099798789814,86.35389707018645,-1.274361167052148,Calibrated Gaussian / CIVA-like beam demonstrator
B_PA2_to_C2,34,-77.70088469592274,149.60414667348576,-86.78219602640094,-84.52999999999999,184.89,-51.800000000000004,64,0.10810317101841524,0.3402064100732964,86.78871354956586,-1.2307349807668082,Calibrated Gaussian / CIVA-like beam demonstrator
B_PA2_to_C2,35,-76.68153940290324,149.75159744535128,-87.12224516612058,-83.29999999999997,185.45000000000002,-51.800000000000004,64,0.10518112956969948,0.3312144894564319,87.21594313426769,-1.1880823696191218,Calibrated Gaussian / CIVA-like beam demonstrator
B_PA2_to_C2,36,-75.66059697847993,149.8974803307656,-87.45815384885603,-82.06,186.0,-51.800000000000004,64,0.1022436565552053,0.322179284662166,87.63936851053722,-1.1460152085746909,Calibrated Gaussian / CIVA-like beam demonstrator
B_PA2_to_C2,37,-74.63806924818577,150.0417851248658,-87.7898962109968,-80.81999999999998,186.54,-51.800000000000004,64,0.09936499046747384,0.3133258349570571,88.05343031792448,-1.1050744091239153,Calibrated Gaussian / CIVA-like beam demonstrator
B_PA2_to_C2,38,-73.61396815521526,150.18450169084596,-88.11744574553933,-79.58,187.07999999999998,-51.800000000000004,64,0.09651867542165764,0.304572083571653,88.46010177911735,-1.0650513056399418,Calibrated Gaussian / CIVA-like beam demonstrator
B_PA2_to_C2,39,-72.58830630330328,150.32561996117695,-88.44077702518774,-78.34000000000002,187.59999999999997,-51.800000000000004,64,0.09375054885150473,0.2960602359480226,88.85626046235163,-1.0262393620198993,Calibrated Gaussian / CIVA-like beam demonstrator
B_PA2_to_C2,40,-71.56109641508873,150.46512977948348,-88.7598640362138,-77.09000000000002,188.12,-51.800000000000004,64,0.09093661316357841,0.2874104984148076,89.25035563946784,-0.9878008932339939,Calibrated Gaussian / CIVA-like beam demonstrator
B_PA2_to_C2,41,-70.53235169037065,150.60302105636694,-89.07468130687654,-75.84000000000002,188.63,-51.800000000000004,64,0.08817384011166136,0.2789186698336685,89.63572114941938,-0.9503776624514422,Calibrated Gaussian / CIVA-like beam demonstrator
B_PA2_to_C2,42,-69.50208597534196,150.73928382249213,-89.38520441788361,-74.58,189.13,-51.800000000000004,64,0.08538601512721238,0.2703530811916579,90.01723768155207,-0.913486363846313,Calibrated Gaussian / CIVA-like beam demonstrator
B_PA2_to_C2,43,-68.47031288272552,150.8739081752133,-89.69140715404404,-73.31999999999998,189.62,-51.800000000000004,64,0.08264530453917993,0.2619327111554632,90.39020123026278,-0.8775729352449436,Calibrated Gaussian / CIVA-like beam demonstrator
B_PA2_to_C2,44,-67.43704656234296,151.00688424031952,-89.9932640606525,-72.06,190.09999999999997,-51.800000000000004,64,0.07994984250545725,0.2536517346647784,90.75480252487466,-0.8426076773816962,Calibrated Gaussian / CIVA-like beam demonstrator
B_PA2_to_C2,45,-66.40230189331929,151.13820215259082,-90.29075113844432,-70.79,190.57999999999998,-51.800000000000004,64,0.07720576219667374,0.245223287908324,91.11650656611732,-0.8080587917798046,Calibrated Gaussian / CIVA-like beam demonstrator
B_PA2_to_C2,46,-65.36609387181097,151.2678522055928,-90.58384371028332,-69.52,191.04,-51.800000000000004,64,0.07452336101848626,0.2369851291695432,91.46874785119701,-0.7745453217730176,Calibrated Gaussian / CIVA-like beam demonstrator
B_PA2_to_C2,47,-64.32843764514975,151.39582463511093,-90.87251660833758,-68.25,191.5,-51.800000000000004,64,0.07186284339170641,0.2288133808616628,91.81383468387621,-0.7418374709271136,Calibrated Gaussian / CIVA-like beam demonstrator
B_PA2_to_C2,48,-63.28934886231594,151.5221097582287,-91.15674535256072,-66.98,191.95000000000002,-51.800000000000004,64,0.0692418323597753,0.2207627878484324,92.15080272609418,-0.7100175457413889,Calibrated Gaussian / CIVA-like beam demonstrator
B_PA2_to_C2,49,-62.24884367455399,151.6466974859408,-91.43650640982341,-65.7,192.39,-51.800000000000004,64,0.06658717016491597,0.2126105015927493,92.48338083810626,-0.6787260498169239,Calibrated Gaussian / CIVA-like beam demonstrator
B_PA2_to_C2,50,-61.20693837904394,151.7695790116044,-91.71177513775478,-64.42,192.81999999999996,-51.800000000000004,64,0.06396888946321719,0.2045692816409499,92.8078311678351,-0.648307525303095,Calibrated Gaussian / CIVA-like beam demonstrator
B_PA2_to_C2,51,-60.16364981403854,151.89074522038314,-91.98252799904807,-63.13999999999999,193.25,-51.800000000000004,64,0.061369855231203536,0.1965854797565676,93.12499087558129,-0.618675135919434,Calibrated Gaussian / CIVA-like beam demonstrator
B_PA2_to_C2,52,-59.11899509825825,152.01018632705112,-92.2487417271654,-61.85000000000001,193.66000000000003,-51.800000000000004,64,0.05875040036898595,0.188540311287209,93.43658485384361,-0.5896608717216336,Calibrated Gaussian / CIVA-like beam demonstrator
B_PA2_to_C2,53,-58.07299161693708,152.12789314608406,-92.5103927357169,-60.56,194.06999999999996,-51.800000000000004,64,0.05614880491093903,0.1805475254269204,93.74069829211348,-0.5614363132476642,Calibrated Gaussian / CIVA-like beam demonstrator
B_PA2_to_C2,54,-57.025657251422565,152.24385640055144,-92.76745833238853,-59.269999999999996,194.47,-51.800000000000004,64,0.053579338802147845,0.1726513806018914,94.03668748063224,-0.5340535531326084,Calibrated Gaussian / CIVA-like beam demonstrator
B_PA2_to_C2,55,-55.97700994133772,152.35806700921157,-93.01991482807021,-57.980000000000004,194.86,-51.800000000000004,64,0.05104063553240821,0.1648472450708276,94.32463026038828,-0.5074977699685087,Calibrated Gaussian / CIVA-like beam demonstrator
B_PA2_to_C2,56,-54.9270683189526,152.47051600784263,-93.2677402171057,-56.68,195.24,-51.800000000000004,64,0.04846275616515303,0.1569209545622882,94.60716483398748,-0.4815194432040696,Calibrated Gaussian / CIVA-like beam demonstrator
B_PA2_to_C2,57,-53.87585117730203,152.58119383266,-93.51091228214521,-55.38,195.61,-51.800000000000004,64,0.045913752704440994,0.149079383862432,94.88150248217866,-0.4563689343700967,Calibrated Gaussian / CIVA-like beam demonstrator
B_PA2_to_C2,58,-52.82337771589517,152.69009269835058,-93.74940860700193,-54.07999999999999,195.98,-51.800000000000004,64,0.04338024102545593,0.1412797262809917,95.14810857865758,-0.4319968100755115,Calibrated Gaussian / CIVA-like beam demonstrator
B_PA2_to_C2,59,-51.76966745502341,152.79720389478553,-93.9832074245146,-52.769999999999996,196.32999999999998,-51.800000000000004,64,0.040818507896775234,0.1333889642274357,95.40831557971651,-0.40827542981771403,Calibrated Gaussian / CIVA-like beam demonstrator
B_PA2_to_C2,60,-50.71474037182839,152.9025184919415,-94.21228796453828,-51.47000000000001,196.68000000000004,-51.800000000000004,64,0.03833974828880504,0.1257442645367206,95.65849416875587,-0.3855291992303556,Calibrated Gaussian / CIVA-like beam demonstrator
B_PA2_to_C2,61,-49.658616454597954,153.00602810349906,-94.43662804934594,-50.16,197.01,-51.800000000000004,64,0.03583080800541833,0.1179989596101798,95.90214583304618,-0.3634335055909071,Calibrated Gaussian / CIVA-like beam demonstrator
B_PA2_to_C2,62,-48.601316287158845,153.10772344792713,-94.6562074999455,-48.85000000000001,197.33999999999997,-51.800000000000004,64,0.03333705458401749,0.1102877916891031,96.13777604415581,-0.3421185725690257,Calibrated Gaussian / CIVA-like beam demonstrator
B_PA2_to_C2,63,-47.54286080845083,153.20759763587284,-94.8710055284514,-47.540000000000006,197.66000000000003,-51.800000000000004,64,0.030869226637754835,0.102641750955204,96.36507557666015,-0.3216066730827413,Calibrated Gaussian / CIVA-like beam demonstrator
B_PA2_to_C2,64,-46.48327113250458,153.30564221957908,-95.08100171779009,-46.22,197.98,-51.800000000000004,64,0.028352532324878003,0.0948245093202579,96.58573360777609,-0.3017403439426677,Calibrated Gaussian / CIVA-like beam demonstrator
B_PA2_to_C2,65,-45.422568901487594,153.40184895521443,-95.28617699272675,-44.89999999999999,198.28,-51.800000000000004,64,0.025873454443488358,0.0870985373213955,96.79757213641294,-0.28271070940688325,Calibrated Gaussian / CIVA-like beam demonstrator
B_PA2_to_C2,66,-44.360775570186505,153.49620909959995,-95.48651027214625,-43.57999999999999,198.56999999999996,-51.800000000000004,64,0.023423541667909182,0.0794288283537376,97.0008373922912,-0.26449033049335413,Calibrated Gaussian / CIVA-like beam demonstrator
B_PA2_to_C2,67,-43.29791368497544,153.58871652443102,-95.68198375449377,-42.26,198.86,-51.800000000000004,64,0.02099769383147028,0.0717868278542148,97.19565803932875,-0.24706271210797603,Calibrated Gaussian / CIVA-like beam demonstrator
B_PA2_to_C2,68,-42.234005550773134,153.67936302861338,-95.8725781010478,-40.94,199.14,-51.800000000000004,64,0.018609389567472108,0.0641975581600924,97.38185239966433,-0.23043937105388365,Calibrated Gaussian / CIVA-like beam demonstrator
B_PA2_to_C2,69,-41.16907381901202,153.76814085817185,-96.05827437794427,-39.62,199.40000000000003,-51.800000000000004,64,0.016268539091492527,0.056664992646958,97.55938779622595,-0.21461867260998646,Calibrated Gaussian / CIVA-like beam demonstrator
B_PA2_to_C2,70,-40.1031289537576,153.85501755222404,-96.23899125430627,-38.29,199.66000000000003,-51.800000000000004,64,0.01391180890296783,0.0489303165270804,97.72912003155618,-0.19952023336519603,Calibrated Gaussian / CIVA-like beam demonstrator
B_PA2_to_C2,71,-39.03618987823958,153.939976772089,-96.4146819293428,-36.96,199.91000000000003,-51.800000000000004,64,0.011648842917041732,0.0420644374139271,97.88983739131898,-0.1852478583121261,Calibrated Gaussian / CIVA-like beam demonstrator
B_PA2_to_C2,72,-37.96829818015255,154.02304379636783,-96.58541758393568,-35.63,200.15000000000003,-51.800000000000004,64,0.00953280749360518,0.0356568759474456,98.04153674049414,-0.1717978013803912,Calibrated Gaussian / CIVA-like beam demonstrator
B_PA2_to_C2,73,-36.899477667861696,154.10421100315804,-96.75118039535154,-34.300000000000004,200.39,-51.800000000000004,64,0.007655410975874156,0.0301939572817744,98.18430263918623,-0.15915880273635688,Calibrated Gaussian / CIVA-like beam demonstrator
B_PA2_to_C2,74,-35.829752775415024,154.18347341545703,-96.91195389931922,-32.97,200.61,-51.800000000000004,64,0.0062339331877887,0.0253191790478766,98.31804673917341,-0.14733516118408846,Calibrated Gaussian / CIVA-like beam demonstrator
B_PA2_to_C2,75,-34.759148008312394,154.26082338826794,-97.06772212617592,-31.63,200.81999999999996,-51.800000000000004,64,0.005599138577959464,0.0208722317917242,98.44279228589289,-0.13632152450527646,Calibrated Gaussian / CIVA-like beam demonstrator
B_PA2_to_C2,76,-33.68768816862758,154.33625396422505,-97.2184694533271,-30.300000000000004,201.03,-51.800000000000004,64,0.006025307666398824,0.0244390555972344,98.55835497141665,-0.12613107778100363,Calibrated Gaussian / CIVA-like beam demonstrator
B_PA2_to_C2,77,-32.61539853755642,154.4097600911612,-97.3641813520534,-28.960000000000004,201.23,-51.800000000000004,64,0.007340200209027431,0.02909885093894,98.66458609887793,-0.11677403307329129,Calibrated Gaussian / CIVA-like beam demonstrator
B_PA2_to_C2,78,-31.542304290062443,154.48133467447258,-97.50484226081323,-27.62,201.41000000000003,-51.800000000000004,64,0.009160915686170692,0.0344575014252619,98.76146412717051,-0.10824960654822968,Calibrated Gaussian / CIVA-like beam demonstrator
B_PA2_to_C2,79,-30.46843110893605,154.55097297226447,-97.64043783150109,-26.28,201.58999999999997,-51.800000000000004,64,0.011242501143156265,0.0406619731749238,98.84892840028888,-0.10056068833423729,Calibrated Gaussian / CIVA-like beam demonstrator
B_PA2_to_C2,80,-29.39380476776233,154.6186681013438,-97.77095418124917,-24.94,201.76,-51.800000000000004,64,0.013459437168469679,0.0473395380759029,98.92696099457933,-0.09370664217701677,Calibrated Gaussian / CIVA-like beam demonstrator
B_PA2_to_C2,81,-28.31845135645202,154.68441462884485,-97.89637786883976,-23.599999999999998,201.93000000000004,-51.800000000000004,64,0.015753937446431512,0.0548432108736385,98.99550319692699,-0.08769064968850672,Calibrated Gaussian / CIVA-like beam demonstrator
B_PA2_to_C2,82,-27.2423972641524,154.74820751656992,-98.01669642786544,-22.259999999999998,202.07999999999998,-51.800000000000004,64,0.018091096812998312,0.0623236254167451,99.05457080418701,-0.08250958893258592,Calibrated Gaussian / CIVA-like beam demonstrator
B_PA2_to_C2,83,-26.165669006864395,154.81004129594638,-98.13189739193844,-20.91,202.22,-51.800000000000004,64,0.02051791477125296,0.0699836222121454,99.10308387471902,-0.07825661989390471,Calibrated Gaussian / CIVA-like beam demonstrator
B_PA2_to_C2,84,-25.088293256508223,154.86991089153568,-98.24196809318909,-19.569999999999997,202.36,-51.800000000000004,64,0.022903189640396754,0.0774411270852155,99.14289792837928,-0.07476781797579225,Calibrated Gaussian / CIVA-like beam demonstrator
B_PA2_to_C2,85,-24.01029697344074,154.92781159167478,-98.34689701737236,-18.22,202.48,-51.800000000000004,64,0.025361852916461723,0.0850784430258144,99.17185122488173,-0.07223159572364958,Calibrated Gaussian / CIVA-like beam demonstrator
B_PA2_to_C2,86,-22.931707318956335,154.9837390090049,-98.44667307402543,-16.87,202.59999999999997,-51.800000000000004,64,0.02782992277297035,0.0927072786202884,99.19090410167061,-0.07056302457164797,Calibrated Gaussian / CIVA-like beam demonstrator
B_PA2_to_C2,87,-21.852551628145456,155.0376874840803,-98.54128635480696,-15.53,202.71,-51.800000000000004,64,0.03024220120957618,0.1001369141166783,99.2015597906208,-0.06962998370394405,Calibrated Gaussian / CIVA-like beam demonstrator
B_PA2_to_C2,88,-20.772857377273507,155.08965376136825,-98.63072567176081,-14.180000000000003,202.79999999999998,-51.800000000000004,64,0.032722089642232145,0.1077551208131879,99.20084783687831,-0.06969232116958957,Calibrated Gaussian / CIVA-like beam demonstrator
B_PA2_to_C2,89,-19.692652288997582,155.13963285791397,-98.71498233580529,-12.83,202.89,-51.800000000000004,64,0.03520590423514298,0.1153684332729341,99.19014959566148,-0.07062909495291088,Calibrated Gaussian / CIVA-like beam demonstrator
B_PA2_to_C2,90,-18.611964235941283,155.1876218008467,-98.79404690542013,-11.480000000000002,202.98,-51.800000000000004,64,0.03769209444792036,0.1229755211362437,99.16946551215408,-0.07244054903506729,Calibrated Gaussian / CIVA-like beam demonstrator
B_PA2_to_C2,91,-17.53082121803602,155.2336156026439,-98.86791142702477,-10.13,203.04999999999998,-51.800000000000004,64,0.04018271169371194,0.1305868407058206,99.1386966279127,-0.07513590087603583,Calibrated Gaussian / CIVA-like beam demonstrator
B_PA2_to_C2,92,-16.44925130893432,155.27761120152687,-98.93656618480166,-8.78,203.11,-51.800000000000004,64,0.042677122046609645,0.1382016502761303,99.09782557520599,-0.07871749577375384,Calibrated Gaussian / CIVA-like beam demonstrator
B_PA2_to_C2,93,-15.367282953400318,155.31960635618893,-99.00000520316733,-7.429999999999999,203.16000000000003,-51.800000000000004,64,0.045185226039343225,0.1458517065864981,99.04646063662395,-0.08322078180145637,Calibrated Gaussian / CIVA-like beam demonstrator
B_PA2_to_C2,94,-14.284936730472023,155.3595507877873,-99.05810188618946,-6.079999999999999,203.21,-51.800000000000004,64,0.04770447491241385,0.1535295502068585,98.98461583439656,-0.08864596206984031,Calibrated Gaussian / CIVA-like beam demonstrator
B_PA2_to_C2,95,-13.202243395674788,155.3974442967575,-99.11085419389339,-4.73,203.24,-51.800000000000004,64,0.05022034095684908,0.1611934864428192,98.9128170059459,-0.09494858781366224,Calibrated Gaussian / CIVA-like beam demonstrator
B_PA2_to_C2,96,-12.11923957098517,155.43332593419817,-99.15836949775448,-3.3799999999999994,203.27,-51.800000000000004,64,0.05272806331196276,0.1688281643833278,98.83129630683048,-0.1021101647019492,Calibrated Gaussian / CIVA-like beam demonstrator
B_PA2_to_C2,97,-11.035954038584121,155.46719473161764,-99.20064078858212,-2.03,203.29,-51.800000000000004,64,0.05524027756260198,0.1764735912761565,98.73955431170245,-0.11017674840735472,Calibrated Gaussian / CIVA-like beam demonstrator
B_PA2_to_C2,98,-9.952415705712683,155.49904677165716,-99.23766471970474,-0.6799999999999999,203.29999999999998,-51.800000000000004,64,0.0577573465000358,0.1841313935461528,98.63756740610248,-0.11915293650551845,Calibrated Gaussian / CIVA-like beam demonstrator
B_PA2_to_C2,99,-8.868653542257166,155.52888109151874,-99.2694358153294,0.6799999999999999,203.29999999999998,-51.800000000000004,64,0.06034153873774989,0.1919913083128968,98.5223118540853,-0.12930811739513814,Calibrated Gaussian / CIVA-like beam demonstrator
B_PA2_to_C2,100,-7.784696647000553,155.55669596799535,-99.29595168049698,2.03,203.29,-51.800000000000004,64,0.06286998065181489,0.1996800884494156,98.39962411499195,-0.14013121127085743,Calibrated Gaussian / CIVA-like beam demonstrator
B_PA2_to_C2,101,-6.700574090627912,155.58248888798403,-99.31720834713165,3.3799999999999994,203.27,-51.800000000000004,64,0.06540498433770504,0.2073875455453411,98.26660260343421,-0.15188117326845718,Calibrated Gaussian / CIVA-like beam demonstrator
B_PA2_to_C2,102,-5.616315065931504,155.6062589687898,-99.33320358502304,4.73,203.24,-51.800000000000004,64,0.06794703213674713,0.2151154040482659,98.12322458317605,-0.16456376380369164,Calibrated Gaussian / CIVA-like beam demonstrator
B_PA2_to_C2,103,-4.531948766026189,155.62800404835014,-99.34393501923688,6.079999999999999,203.21,-51.800000000000004,64,0.07049083317930176,0.2228469259022567,97.96979469558721,-0.17815604105695793,Calibrated Gaussian / CIVA-like beam demonstrator
B_PA2_to_C2,104,-3.4475044580098806,155.64772418831205,-99.34940086171217,7.429999999999999,203.16000000000003,-51.800000000000004,64,0.07304857547656964,0.2306211000448925,97.8056450275254,-0.19272156814290956,Calibrated Gaussian / CIVA-like beam demonstrator
B_PA2_to_C2,105,-2.3630114133557245,155.66541793816927,-99.34960066627671,8.78,203.11,-51.800000000000004,64,0.07560825957531554,0.2383998643132621,97.63147616407062,-0.20820288425748207,Calibrated Gaussian / CIVA-like beam demonstrator
B_PA2_to_C2,106,-1.2784989144168657,155.68108421535905,-99.34453342396944,10.13,203.04999999999998,-51.800000000000004,64,0.07817673142711352,0.2462050453943476,97.44691531123544,-0.22463807900563157,Calibrated Gaussian / CIVA-like beam demonstrator
B_PA2_to_C2,107,-0.193996270036946,155.69472371767526,-99.33419986729729,11.480000000000002,202.98,-51.800000000000004,64,0.08075458132176551,0.2540385605867392,97.25194350730871,-0.24203421730663388,Calibrated Gaussian / CIVA-like beam demonstrator
B_PA2_to_C2,108,0.8904672233824948,155.70633517500383,-99.31859957134053,12.83,202.89,-51.800000000000004,64,0.08335012278406498,0.26192665875908,97.04603302109741,-0.2604442538913879,Calibrated Gaussian / CIVA-like beam demonstrator
B_PA2_to_C2,109,1.9748622970068277,155.7159185771087,-99.29773448040477,14.180000000000003,202.79999999999998,-51.800000000000004,64,0.08594866672950006,0.2698230415174478,96.8301611018664,-0.27978691171234576,Calibrated Gaussian / CIVA-like beam demonstrator
B_PA2_to_C2,110,3.0591596809736648,155.7234744275543,-99.27160608203349,15.53,202.71,-51.800000000000004,64,0.08854997442221521,0.277727069558626,96.60441354195916,-0.3000606325323296,Calibrated Gaussian / CIVA-like beam demonstrator
B_PA2_to_C2,111,4.143330136585643,155.72900397382435,-99.24021636121546,16.87,202.59999999999997,-51.800000000000004,64,0.09111075621012436,0.2855094251231662,96.37196960937807,-0.3209852999853496,Calibrated Gaussian / CIVA-like beam demonstrator
B_PA2_to_C2,112,5.227344481535621,155.73250618129498,-99.20356807735814,18.22,202.48,-51.800000000000004,64,0.09374426554062472,0.2935126674377741,96.12482166112127,-0.3432890585905447,Calibrated Gaussian / CIVA-like beam demonstrator
B_PA2_to_C2,113,6.311173611409227,155.73398248082182,-99.16166550764348,19.569999999999997,202.36,-51.800000000000004,64,0.09639200092215025,0.3015585528615006,95.86707598293388,-0.3666103746234883,Calibrated Gaussian / CIVA-like beam demonstrator
B_PA2_to_C2,114,7.394782462526733,155.73338500105066,-99.11438346663769,20.91,202.22,-51.800000000000004,64,0.09901187106098286,0.3095214473351397,95.60201381746234,-0.39065918782528913,Calibrated Gaussian / CIVA-like beam demonstrator
B_PA2_to_C2,115,8.478141025309709,155.7307228648241,-99.0617464588014,22.259999999999998,202.07999999999998,-51.800000000000004,64,0.10168489830838866,0.3176450132391863,95.32349119371564,-0.41600120263409657,Calibrated Gaussian / CIVA-like beam demonstrator
B_PA2_to_C2,116,9.561224891104926,155.72603815765683,-99.00386883744935,23.599999999999998,201.93000000000004,-51.800000000000004,64,0.10430280014968746,0.325602068159057,95.04009773420188,-0.4418625151442612,Calibrated Gaussian / CIVA-like beam demonstrator
B_PA2_to_C2,117,10.64400526204448,155.7193335383167,-98.94075634454964,24.94,201.76,-51.800000000000004,64,0.10694704826728912,0.3336405914809504,94.74551361304009,-0.46882691146803757,Calibrated Gaussian / CIVA-like beam demonstrator
B_PA2_to_C2,118,11.726453465486234,155.71061091327692,-98.87241568891407,26.28,201.58999999999997,-51.800000000000004,64,0.10959624303666561,0.3416938485962149,94.44153103458325,-0.49673961982016834,Calibrated Gaussian / CIVA-like beam demonstrator
B_PA2_to_C2,119,12.80854083134386,155.6998726481481,-98.79885227901212,27.62,201.41000000000003,-51.800000000000004,64,0.1122618667601689,0.3497976319274727,94.12726336670224,-0.5256913540238333,Calibrated Gaussian / CIVA-like beam demonstrator
B_PA2_to_C2,120,13.890238970931275,155.6871212300109,-98.72007462096659,28.960000000000004,201.23,-51.800000000000004,64,0.11493191472808943,0.3579146238151409,93.8038153186554,-0.5555899407042212,Calibrated Gaussian / CIVA-like beam demonstrator
B_PA2_to_C2,121,14.971519467755202,155.67235797569495,-98.63608964081362,30.300000000000004,201.03,-51.800000000000004,64,0.11763177600679967,0.3661237345227057,93.46902453370548,-0.5866457938657365,Calibrated Gaussian / CIVA-like beam demonstrator
B_PA2_to_C2,122,16.05235411491424,155.65558631672272,-98.54690555049524,31.63,200.81999999999996,-51.800000000000004,64,0.12029051645381683,0.3742091706331436,93.1293686746022,-0.6182668224791243,Calibrated Gaussian / CIVA-like beam demonstrator
B_PA2_to_C2,123,17.13271484254847,155.6368091544556,-98.45253107240913,32.97,200.61,-51.800000000000004,64,0.12301445728381609,0.3824919833466467,92.77530119465368,-0.6513525408309608,Calibrated Gaussian / CIVA-like beam demonstrator
B_PA2_to_C2,124,18.212573777316297,155.61602957632962,-98.35297588894588,34.300000000000004,200.39,-51.800000000000004,64,0.12569795294699374,0.3906532465135264,92.41666269211089,-0.6849943715226258,Calibrated Gaussian / CIVA-like beam demonstrator
B_PA2_to_C2,125,19.29190318721537,155.59325143620617,-98.24824980430816,35.63,200.15000000000003,-51.800000000000004,64,0.12841577416065014,0.3989204511101505,92.046596687196,-0.719845287641483,Calibrated Gaussian / CIVA-like beam demonstrator
B_PA2_to_C2,126,20.370675431420327,155.5684775792159,-98.1383625598915,36.96,199.91000000000003,-51.800000000000004,64,0.13114018048927922,0.4072075875299212,91.66781473728525,-0.7556624328544299,Calibrated Gaussian / CIVA-like beam demonstrator
B_PA2_to_C2,127,21.44886309329527,155.54171133133084,-98.02332482807778,38.29,199.66000000000003,-51.800000000000004,64,0.13388595722188176,0.4155604659281557,91.27897322557244,-0.792585076655747,Calibrated Gaussian / CIVA-like beam demonstrator
B_PA2_to_C2,128,22.5264389647941,155.51295701115404,-97.90314781249332,39.62,199.40000000000003,-51.800000000000004,64,0.13665378332361447,0.4239811651775156,90.88006716926976,-0.83062721293568,Calibrated Gaussian / CIVA-like beam demonstrator
B_PA2_to_C2,129,23.60337610738463,155.48221867535082,-97.77784391778184,40.94,199.14,-51.800000000000004,64,0.1393693102768221,0.4322436059969732,90.47881746901108,-0.8690616828808545,Calibrated Gaussian / CIVA-like beam demonstrator
B_PA2_to_C2,130,24.679647655731376,155.44950057050062,-97.64742489607838,42.26,198.86,-51.800000000000004,64,0.14212435051483274,0.4406278553193914,90.06604855214387,-0.9087778108834311,Calibrated Gaussian / CIVA-like beam demonstrator
B_PA2_to_C2,131,25.755226848875303,155.41480710488227,-97.51190216737938,43.57999999999999,198.56999999999996,-51.800000000000004,64,0.1449037260978278,0.4490869409630846,89.64336232843138,-0.9496372477153161,Calibrated Gaussian / CIVA-like beam demonstrator
B_PA2_to_C2,132,26.830087607698427,155.37814292595093,-97.37129126067428,44.89999999999999,198.28,-51.800000000000004,64,0.14769111877021526,0.4575704202384258,89.21258245352962,-0.9914777768798965,Calibrated Gaussian / CIVA-like beam demonstrator
B_PA2_to_C2,133,27.904203500133512,155.33951282222964,-97.22560371147094,46.22,197.98,-51.800000000000004,64,0.15050394604447648,0.466132097829476,88.77195665693591,-1.0344841512405087,Calibrated Gaussian / CIVA-like beam demonstrator
B_PA2_to_C2,134,28.977548636205537,155.29892175665495,-97.07485387430688,47.540000000000006,197.66000000000003,-51.800000000000004,64,0.1533606045701294,0.4748287595823441,88.31952391603733,-1.078865613220348,Calibrated Gaussian / CIVA-like beam demonstrator
B_PA2_to_C2,135,30.050097475835003,155.2563748690403,-96.91905729971259,48.85000000000001,197.33999999999997,-51.800000000000004,64,0.15617216201311157,0.4833891874290579,87.86524437012118,-1.1236575754698974,Calibrated Gaussian / CIVA-like beam demonstrator
B_PA2_to_C2,136,31.121815090069113,155.21185602608776,-96.7581726374765,50.16,197.01,-51.800000000000004,64,0.15902093828267724,0.492063632129085,87.40016733458093,-1.169754717468562,Calibrated Gaussian / CIVA-like beam demonstrator
B_PA2_to_C2,137,32.19266435930694,155.16534617449724,-96.59215188515384,51.47000000000001,196.68000000000004,-51.800000000000004,64,0.1618743386372616,0.5007522710363794,86.92807246960251,-1.2167990050108428,Calibrated Gaussian / CIVA-like beam demonstrator
B_PA2_to_C2,138,33.26264053382973,155.11689864444983,-96.42113376138819,52.769999999999996,196.32999999999998,-51.800000000000004,64,0.1647079646131831,0.5093835582052932,86.4519740509874,-1.2645017112684485,Calibrated Gaussian / CIVA-like beam demonstrator
B_PA2_to_C2,139,34.331719100072526,155.06651938643975,-96.24513495979193,54.07999999999999,195.98,-51.800000000000004,64,0.16760996951214516,0.5182219568734041,85.9617840900876,-1.3138915908246085,Calibrated Gaussian / CIVA-like beam demonstrator
B_PA2_to_C2,140,35.39987582541831,155.01421438336334,-96.06417264235868,55.38,195.61,-51.800000000000004,64,0.1705046892957948,0.527040948885741,85.46642665911267,-1.3640890692133476,Calibrated Gaussian / CIVA-like beam demonstrator
B_PA2_to_C2,141,36.46708644216982,154.9599898357296,-95.87826249657256,56.68,195.24,-51.800000000000004,64,0.17341045704867047,0.5358936861558519,84.96393034126827,-1.4153081159197514,Calibrated Gaussian / CIVA-like beam demonstrator
B_PA2_to_C2,142,37.53332745825927,154.90385207524594,-95.68742349521644,57.980000000000004,194.86,-51.800000000000004,64,0.17634815891157302,0.5448445222695035,84.4519181724949,-1.4678096353540224,Calibrated Gaussian / CIVA-like beam demonstrator
B_PA2_to_C2,143,38.59857531813452,154.84580760475149,-95.49167293794679,59.269999999999996,194.47,-51.800000000000004,64,0.1792609784468762,0.5537217021674792,83.93745440748462,-1.5208841176791332,Calibrated Gaussian / CIVA-like beam demonstrator
B_PA2_to_C2,144,39.662806898498225,154.78586307022059,-95.29102930237936,60.56,194.06999999999996,-51.800000000000004,64,0.18220787275030673,0.5627035334517956,83.41352579888286,-1.5752704252469343,Calibrated Gaussian / CIVA-like beam demonstrator
B_PA2_to_C2,145,40.72599915709653,154.72402525901262,-95.08551026173888,61.85000000000001,193.66000000000003,-51.800000000000004,64,0.185189650303461,0.571792483681854,82.88011465513067,-1.6309931360366585,Calibrated Gaussian / CIVA-like beam demonstrator
B_PA2_to_C2,146,41.78812967252566,154.6603010987271,-94.87513555586692,63.13999999999999,193.25,-51.800000000000004,64,0.18818385731497783,0.5809194433128972,82.3401468727325,-1.6877672534599,Calibrated Gaussian / CIVA-like beam demonstrator
B_PA2_to_C2,147,42.8491760867882,154.59469736955518,-94.65992407576108,64.42,192.81999999999996,-51.800000000000004,64,0.19117998140768425,0.5900551998058852,81.79513439252744,-1.7454505938900606,Calibrated Gaussian / CIVA-like beam demonstrator
B_PA2_to_C2,148,43.909116704015915,154.5272213537003,-94.43989668681205,65.7,192.39,-51.800000000000004,64,0.19418980551791346,0.5992328713870094,81.24376729158072,-1.8041989293694425,Calibrated Gaussian / CIVA-like beam demonstrator
B_PA2_to_C2,149,44.96792978648344,154.45788129605765,-94.21507258127313,66.98,191.95000000000002,-51.800000000000004,64,0.19723760332765827,0.6085271174246465,80.68306064391918,-1.8643527110313987,Calibrated Gaussian / CIVA-like beam demonstrator
B_PA2_to_C2,150,46.02559383187996,154.3866840708504,-93.98547135417769,68.25,191.5,-51.800000000000004,64,0.2002669691486868,0.6177675421604008,80.12049399093102,-1.9251276336815406,Calibrated Gaussian / CIVA-like beam demonstrator
B_PA2_to_C2,151,47.082088081867944,154.31363728095752,-93.7511147078041,69.52,191.04,-51.800000000000004,64,0.20333601914618765,0.6271297936993641,79.5486688499616,-1.9873416669107156,Calibrated Gaussian / CIVA-like beam demonstrator
B_PA2_to_C2,152,48.13739187572139,154.23874863471045,-93.51202359559862,70.79,190.57999999999998,-51.800000000000004,64,0.2064198617660628,0.6365373368370477,78.97098974883832,-2.0506483782051643,Calibrated Gaussian / CIVA-like beam demonstrator
B_PA2_to_C2,153,49.19148480348986,154.16202603815307,-93.26821888920247,72.06,190.09999999999997,-51.800000000000004,64,0.2095708001353137,0.6461509240777872,78.38061633468651,-2.115826516647746,Calibrated Gaussian / CIVA-like beam demonstrator
B_PA2_to_C2,154,50.24434686970823,154.08347698062326,-93.01972230558998,73.31999999999998,189.62,-51.800000000000004,64,0.21268094456490416,0.6556419676066838,77.7921409502459,-2.1812855189064537,Calibrated Gaussian / CIVA-like beam demonstrator
B_PA2_to_C2,155,51.29595856754601,154.00311012760855,-92.76655613122028,74.58,189.13,-51.800000000000004,64,0.21583401349806688,0.6652647500785775,77.19451469613706,-2.248271175108071,Calibrated Gaussian / CIVA-like beam demonstrator
B_PA2_to_C2,156,52.34630046281263,153.92093409495916,-92.50874189047303,75.84000000000002,188.63,-51.800000000000004,64,0.21903077614700622,0.6750216184985725,76.58773050246735,-2.316815991649541,Calibrated Gaussian / CIVA-like beam demonstrator
B_PA2_to_C2,157,53.39535361782309,153.83695674326134,-92.24630226351486,77.09000000000002,188.12,-51.800000000000004,64,0.2222161911016394,0.6847464479890881,75.97947659154342,-2.3860740508951013,Calibrated Gaussian / CIVA-like beam demonstrator
B_PA2_to_C2,158,54.44309947422029,153.75118650031845,-91.97926021080471,78.34000000000002,187.59999999999997,-51.800000000000004,64,0.2254473300907959,0.6946115892910498,75.3620879795596,-2.4569415499938443,Calibrated Gaussian / CIVA-like beam demonstrator
B_PA2_to_C2,159,55.489519564142554,153.66363124883102,-91.70763814280555,79.58,187.07999999999998,-51.800000000000004,64,0.2286404741522026,0.7043628860356463,74.7473491988459,-2.528084086485877,Calibrated Gaussian / CIVA-like beam demonstrator
B_PA2_to_C2,160,56.53459623990898,153.5743005258712,-91.43146003128533,80.81999999999998,186.54,-51.800000000000004,64,0.2319104651988711,0.7143500501854518,74.11945687561914,-2.6013554343336605,Calibrated Gaussian / CIVA-like beam demonstrator
B_PA2_to_C2,161,57.578311725332256,153.4832032432207,-91.1507485139026,82.06,186.0,-51.800000000000004,64,0.2351989455039741,0.7243938965818941,73.48668124919823,-2.6758273092325653,Calibrated Gaussian / CIVA-like beam demonstrator
B_PA2_to_C2,162,58.62064887440875,153.39034780748443,-90.86552767323836,83.29999999999997,185.45000000000002,-51.800000000000004,64,0.2385357914539112,0.7345861470179358,72.84496253423106,-2.7520095145934165,Calibrated Gaussian / CIVA-like beam demonstrator
B_PA2_to_C2,163,59.66159077497219,153.29574248131743,-90.57582147899203,84.52999999999999,184.89,-51.800000000000004,64,0.2418676623159385,0.744765970482117,72.20201964786189,-2.829013081944008,Calibrated Gaussian / CIVA-like beam demonstrator
B_PA2_to_C2,164,60.7011208977446,153.19939724981535,-90.28165367028168,85.76,184.32999999999998,-51.800000000000004,64,0.245218555151325,0.7550041383471324,71.55464573185513,-2.907243282749321,Calibrated Gaussian / CIVA-like beam demonstrator
B_PA2_to_C2,165,61.73922307688685,153.1013212251726,-89.98304854624611,86.98,183.75,-51.800000000000004,64,0.24859795417738423,0.7653326691980382,70.90165598747308,-2.986872425302592,Calibrated Gaussian / CIVA-like beam demonstrator
B_PA2_to_C2,166,62.77588159274177,153.0015225529011,-89.6800312508476,88.20000000000002,183.17000000000002,-51.800000000000004,64,0.2519972442586357,0.7757222353433768,70.24445829021644,-3.067758646653399,Calibrated Gaussian / CIVA-like beam demonstrator
B_PA2_to_C2,167,63.81108074198347,152.90001146789095,-89.3726253066188,89.40999999999998,182.57999999999998,-51.800000000000004,64,0.2553956962063642,0.7861121510942723,69.5862404869416,-3.149532527142595,Calibrated Gaussian / CIVA-like beam demonstrator
B_PA2_to_C2,168,64.84480570796426,152.7967973377267,-89.06085650443457,90.63,181.98,-51.800000000000004,64,0.2589001306397451,0.7968243306252241,68.9116611942864,-3.234145615893946,Calibrated Gaussian / CIVA-like beam demonstrator
B_PA2_to_C2,169,65.8770416411013,152.69188856131197,-88.74474986151313,91.83000000000001,181.38,-51.800000000000004,64,0.2623188249501728,0.8072793686210673,68.24878704293212,-3.318101255045947,Calibrated Gaussian / CIVA-like beam demonstrator
B_PA2_to_C2,170,66.90777413228953,152.5852956136748,-88.42433016003714,93.03999999999999,180.76,-51.800000000000004,64,0.2658784301814283,0.8181637631247121,67.56472442962274,-3.4055998042886957,Calibrated Gaussian / CIVA-like beam demonstrator
B_PA2_to_C2,171,67.9369891436147,152.47702798196494,-88.09962274820667,94.24,180.14,-51.800000000000004,64,0.26940582767133886,0.8289523755776358,66.8849517371385,-3.4934316394585547,Calibrated Gaussian / CIVA-like beam demonstrator
B_PA2_to_C2,172,68.96467309574679,152.36709425458267,-87.77065375851993,95.43,179.51,-51.800000000000004,64,0.27293674357801767,0.8397548171448044,66.2044551125068,-3.5822556898537394,Calibrated Gaussian / CIVA-like beam demonstrator
B_PA2_to_C2,173,69.99081266367635,152.25550509492143,-87.43744847141123,96.62,178.87,-51.800000000000004,64,0.2765237019832916,0.8507292417482972,65.51567101213142,-3.6730961314408823,Calibrated Gaussian / CIVA-like beam demonstrator
B_PA2_to_C2,174,71.01539471176027,152.1422701375941,-87.1000321590309,97.81,178.22,-51.800000000000004,64,0.2801665230240392,0.8618750927278427,64.81877216676071,-3.765983997471106,Calibrated Gaussian / CIVA-like beam demonstrator
B_PA2_to_C2,175,72.03840663046354,152.02739826837123,-86.7584310200648,98.99,177.56999999999996,-51.800000000000004,64,0.28377855714960226,0.8729296747558948,64.12678465930517,-3.859210704455387,Calibrated Gaussian / CIVA-like beam demonstrator
B_PA2_to_C2,176,73.05983625395466,151.9109002355482,-86.41267103113606,100.16999999999999,176.91000000000003,-51.800000000000004,64,0.2874465026995599,0.8841558607148929,63.42703836310337,-3.954511338057448,Calibrated Gaussian / CIVA-like beam demonstrator
B_PA2_to_C2,177,74.07967157134375,151.79278529141217,-86.06277821481683,101.35000000000001,176.24,-51.800000000000004,64,0.29116996203737044,0.8955524197795022,62.71975200582501,-4.051913350450253,Calibrated Gaussian / CIVA-like beam demonstrator
B_PA2_to_C2,178,75.09790126172571,151.6730638340782,-85.70877930137463,102.52,175.55999999999997,-51.800000000000004,64,0.29490031868606875,0.9069733135239826,62.01235027610877,-4.150436170480051,Calibrated Gaussian / CIVA-like beam demonstrator
B_PA2_to_C2,179,76.1145140473834,151.5517459278318,-85.3507003611686,103.68000000000004,174.88,-51.800000000000004,64,0.2986001585219867,0.9183039474198296,61.31062402501777,-4.2492852712434095,Calibrated Gaussian / CIVA-like beam demonstrator
B_PA2_to_C2,180,77.12949884362655,151.42884061949917,-84.98856747237346,104.84000000000002,174.18000000000004,-51.800000000000004,64,0.30239405808397274,0.92992313497537,60.59614938124831,-4.351099449218296,Calibrated Gaussian / CIVA-like beam demonstrator
B_PA2_to_C2,181,78.14284513143527,151.30435859348498,-84.62240688190955,106.0,173.48,-51.800000000000004,64,0.3062038149390518,0.9415912159191856,59.88079480381036,-4.45424887712806,Calibrated Gaussian / CIVA-like beam demonstrator
B_PA2_to_C2,182,79.15454278227848,151.17830968322968,-84.2522453379742,107.14999999999999,172.77,-51.800000000000004,64,0.31002085442953414,0.9532849713645106,59.16603703506361,-4.558550379354926,Calibrated Gaussian / CIVA-like beam demonstrator
B_PA2_to_C2,183,80.16458218699586,151.05070418164794,-83.87810997663452,108.28999999999999,172.05999999999997,-51.800000000000004,64,0.31380608641456437,0.9648847073163828,58.45792149339464,-4.663132606118639,Calibrated Gaussian / CIVA-like beam demonstrator
B_PA2_to_C2,184,81.172953587468,150.92155203828312,-83.50002680614665,109.43000000000004,171.32999999999998,-51.800000000000004,64,0.31768349948428215,0.9767672587347,57.738068521069934,-4.770754968396423,Calibrated Gaussian / CIVA-like beam demonstrator
B_PA2_to_C2,185,82.17964783645431,150.79086341092668,-83.11802254281666,110.56999999999996,170.6,-51.800000000000004,64,0.3215711372597163,0.9886815319020048,57.01893911922013,-4.87961734661844,Calibrated Gaussian / CIVA-like beam demonstrator
B_PA2_to_C2,186,83.18465626890872,150.658648479528,-82.73212435394977,111.70000000000002,169.86,-51.800000000000004,64,0.3254639255512915,1.0006151113775417,56.30147856421076,-4.98960399503485,Calibrated Gaussian / CIVA-like beam demonstrator
B_PA2_to_C2,187,84.18797034164835,150.52491725041395,-82.34235893159975,112.83000000000001,169.12,-51.800000000000004,64,0.32936266175800955,1.0125673542352374,55.585748630521394,-5.1007308174516535,Calibrated Gaussian / CIVA-like beam demonstrator
B_PA2_to_C2,188,85.18958182372573,150.3896801787657,-81.948752828512,113.95000000000002,168.36,-51.800000000000004,64,0.3333048953168791,1.0246564250927772,54.86632070836106,-5.213883245370093,Calibrated Gaussian / CIVA-like beam demonstrator
B_PA2_to_C2,189,86.18948264342177,150.25294705232363,-81.55133241463926,115.06999999999996,167.6,-51.800000000000004,64,0.33724795480286923,1.0367484919829195,54.14975192934258,-5.328070572449826,Calibrated Gaussian / CIVA-like beam demonstrator
B_PA2_to_C2,190,87.18766562310678,150.11472854178467,-81.15012523298817,116.18000000000004,166.83,-51.800000000000004,64,0.3411899370775997,1.0488409449628069,53.43649416546982,-5.443240851419548,Calibrated Gaussian / CIVA-like beam demonstrator
B_PA2_to_C2,191,88.18412342149848,149.97503436988703,-80.74515793431173,117.28999999999999,166.05999999999997,-51.800000000000004,64,0.3451261348314112,1.0609161739446016,52.727408160106,-5.55927152176014,Calibrated Gaussian / CIVA-like beam demonstrator
B_PA2_to_C2,192,89.17884914419898,149.83387543735918,-80.33645709844212,118.39,165.27,-51.800000000000004,64,0.3490972342462807,1.0731020079923823,52.01661383572567,-5.67715845623016,Calibrated Gaussian / CIVA-like beam demonstrator
B_PA2_to_C2,193,90.17183608422485,149.6912608544792,-79.92404961156332,119.48,164.48,-51.800000000000004,64,0.35301886199700067,1.0851401895217716,51.316775748046595,-5.794812766449041,Calibrated Gaussian / CIVA-like beam demonstrator
B_PA2_to_C2,194,91.16307814813737,149.54720170457475,-79.50796240030589,120.56999999999996,163.68000000000004,-51.800000000000004,64,0.3569640567054228,1.0972510167284,50.617211856251025,-5.914035614528661,Calibrated Gaussian / CIVA-like beam demonstrator
B_PA2_to_C2,195,92.15256960558916,149.401708646659,-79.08822264474281,121.65999999999998,162.88,-51.800000000000004,64,0.3608853953757266,1.1092892671797436,49.92506439847701,-6.033627325185186,Calibrated Gaussian / CIVA-like beam demonstrator
B_PA2_to_C2,196,93.1403041376118,149.25479060283303,-78.66485599380155,122.74,162.06999999999996,-51.800000000000004,64,0.36478498135535276,1.12126474783123,49.24012721789539,-6.153616673726451,Calibrated Gaussian / CIVA-like beam demonstrator
B_PA2_to_C2,197,94.12627702596647,149.1064591298959,-78.23789021098143,123.80999999999997,161.25,-51.800000000000004,64,0.3686586607574786,1.133164786121286,48.56310279964816,-6.273871461013268,Calibrated Gaussian / CIVA-like beam demonstrator
B_PA2_to_C2,198,95.11048300000002,148.956723,-77.807352,124.88,160.42,-51.800000000000004,64,0.37241728171851074,1.1447161557622252,47.9070552469564,-6.39201047108674,Calibrated Gaussian / CIVA-like beam demonstrator
