condition,scan_id,probe_x,probe_y,probe_z,focus_x,focus_y,focus_z,n_elements,condition_order,scan_s_mm,scan_index_global,scan_pixel
A_PA1_to_C1,0,-126.47159,137.926021,-64.727672,-124.23,120.25,-51.800000000000004,64,0,0.0,0,0.0
A_PA1_to_C1,1,-125.5875311773166,139.02719128142945,-65.13280492576664,-123.25,121.26,-51.800000000000004,64,0,1.4073023839957135,1,0.6325035040266757
A_PA1_to_C1,2,-124.6997361978672,140.12576271513814,-65.53680832565904,-122.26,122.26,-51.800000000000004,64,0,2.814462644946821,2,1.2649431317146635
A_PA1_to_C1,3,-123.80814054759924,141.2216765912607,-65.93965723338754,-121.26,123.25,-51.800000000000004,64,0,4.221622905897929,3,1.8973827594026518
A_PA1_to_C1,4,-122.91267870531779,142.31487245796063,-66.3413259657362,-120.25,124.23,-51.800000000000004,64,0,5.628925289893642,4,2.529886263429327
A_PA1_to_C1,5,-122.01174866453803,143.40418686963125,-66.74131078089212,-119.24,125.21000000000001,-51.800000000000004,64,0,7.036227673889355,5,3.162389767456003
A_PA1_to_C1,6,-121.10663104890662,144.49049807357036,-67.13999408581748,-118.22000000000001,126.16999999999999,-51.800000000000004,64,0,8.436941777480778,6,3.791932208893277
A_PA1_to_C1,7,-120.19746436062516,145.57388656308214,-67.53741160967894,-117.19000000000003,127.13,-51.800000000000004,64,0,9.844954561513646,7,4.424754997899408
A_PA1_to_C1,8,-119.2841803722571,146.65428488520172,-67.93353475243892,-116.14999999999999,128.08,-51.800000000000004,64,0,11.253535407613757,8,5.057833098949433
A_PA1_to_C1,9,-118.36592519347505,147.73104304627157,-68.32808255362079,-115.10000000000001,129.02,-51.800000000000004,64,0,12.66282600929957,9,5.691230195334125
A_PA1_to_C1,10,-117.44257785267718,148.80403214082943,-68.72100263076132,-114.04999999999998,129.95000000000002,-51.800000000000004,64,0,14.065466376606908,10,6.321638384292225
A_PA1_to_C1,11,-116.514922269347,149.87380453703935,-69.1125338929097,-112.99,130.88,-51.800000000000004,64,0,15.475608213444584,11,6.955418063142794
A_PA1_to_C1,12,-115.58288695538624,150.9402844562672,-69.50264433810658,-111.91999999999999,131.79,-51.800000000000004,64,0,16.880243397398058,12,7.586722810319596
A_PA1_to_C1,13,-114.64639947593099,152.00339379708413,-69.8913011714731,-110.84000000000002,132.70000000000002,-51.800000000000004,64,0,18.29251107740776,13,8.221457936464654
A_PA1_to_C1,14,-113.7043365345142,153.06224053959426,-70.27812111471913,-109.76,133.6,-51.800000000000004,64,0,19.698356019070953,14,8.85330640189215
A_PA1_to_C1,15,-112.75724424129103,154.11719913348915,-70.66326812092449,-108.66999999999999,134.48,-51.800000000000004,64,0,21.099248591683153,15,9.48292905514622
A_PA1_to_C1,16,-111.80550111618676,155.16853095706625,-71.04685566781225,-107.56999999999996,135.36,-51.800000000000004,64,0,22.507935923918414,16,10.116055015742552
A_PA1_to_C1,17,-110.849031768006,156.216148479111,-71.42884697464697,-106.46000000000001,136.24,-51.800000000000004,64,0,23.92444571915454,17,10.752696734795938
A_PA1_to_C1,18,-109.88775968148192,157.25996132776058,-71.80920414042144,-105.35000000000001,137.1,-51.800000000000004,64,0,25.32861807324786,18,11.383793465904805
A_PA1_to_C1,19,-108.92107988638196,158.2994494986132,-72.1877053882543,-104.23,137.95000000000002,-51.800000000000004,64,0,26.734640832665377,19,12.015721850441347
A_PA1_to_C1,20,-107.94864743686082,159.33428339378025,-72.56421201203561,-103.10000000000001,138.79,-51.800000000000004,64,0,28.14265361669823,20,12.648544639447469
A_PA1_to_C1,21,-106.97120712934904,160.3650232243761,-72.93896483167389,-101.97000000000001,139.63,-51.800000000000004,64,0,29.5506664007311,21,13.281367428453601
A_PA1_to_C1,22,-105.9886806011947,161.39156820008367,-73.3119223265337,-100.83000000000001,140.45000000000002,-51.800000000000004,64,0,30.95494557525447,22,13.912512169355585
A_PA1_to_C1,23,-105.00098799462336,162.4138139103925,-73.68304140133728,-99.68,141.27,-51.800000000000004,64,0,32.36735486437714,23,14.54731094085588
A_PA1_to_C1,24,-104.00804838927863,163.43165260561454,-74.05227738223644,-98.52999999999999,142.08,-51.800000000000004,64,0,33.7739820360186,24,15.179510974793338
A_PA1_to_C1,25,-103.00947648346532,164.44471236433247,-74.41947317795703,-97.37,142.87,-51.800000000000004,64,0,35.177442046136434,25,15.81028754723148
A_PA1_to_C1,26,-102.004685778914,165.45243077134052,-74.78439012090905,-96.21000000000001,143.66,-51.800000000000004,64,0,36.58090205625428,26,16.44106411966963
A_PA1_to_C1,27,-100.99443787022501,166.4554065639786,-75.14728615286856,-95.02999999999999,144.44000000000003,-51.800000000000004,64,0,37.99539843306127,27,17.07680092004599
A_PA1_to_C1,28,-99.97865204218024,167.45352101051787,-75.50811248064949,-93.86,145.21,-51.800000000000004,64,0,39.396041142677085,28,17.7063112738948
A_PA1_to_C1,29,-98.95724657977786,168.4466515454952,-75.86681827461119,-92.66999999999999,145.97,-51.800000000000004,64,0,40.808025561854585,29,18.34091909018026
A_PA1_to_C1,30,-97.93013914227564,169.4346716568485,-76.22335155664793,-91.48,146.72,-51.800000000000004,64,0,42.21465273349601,30,18.9731191241177
A_PA1_to_C1,31,-96.89724697053715,170.41745089425962,-76.57765923268899,-90.27999999999999,147.46,-51.800000000000004,64,0,43.6244754173822,31,19.606755361613786
A_PA1_to_C1,32,-95.85848647488527,171.39485478818747,-76.9296856030413,-89.08000000000001,148.19000000000003,-51.800000000000004,64,0,45.029075004453176,32,20.238044109988078
A_PA1_to_C1,33,-94.81326018775638,172.36626166812073,-77.2791700240405,-87.87,148.91,-51.800000000000004,64,0,46.43708778848604,33,20.870866898994205
A_PA1_to_C1,34,-93.76170417127643,173.33171905220786,-77.62613400929244,-86.64999999999999,149.62,-51.800000000000004,64,0,47.84864720983536,34,21.50528370258859
A_PA1_to_C1,35,-92.7040723383632,174.2913942958,-77.97065069942045,-85.43,150.31999999999996,-51.800000000000004,64,0,49.25520328763671,35,22.13745178383166
A_PA1_to_C1,36,-91.64028159188729,175.24513757738708,-78.31266006500847,-84.20999999999998,151.01,-51.800000000000004,64,0,50.65680950908413,36,22.76739518221773
A_PA1_to_C1,37,-90.57025047081125,176.19279682622727,-78.652099442385,-82.98,151.69000000000003,-51.800000000000004,64,0,52.062263172496756,37,23.399067790013387
A_PA1_to_C1,38,-89.49389790372965,177.13421557530074,-78.9889050592017,-81.74,152.36,-51.800000000000004,64,0,53.47169568240988,38,24.03252866618844
A_PA1_to_C1,39,-88.4111426719469,178.0692323141224,-79.32301148830727,-80.5,153.02,-51.800000000000004,64,0,54.876402057422105,39,24.663865409753953
A_PA1_to_C1,40,-87.32190406766502,178.99768111829337,-79.65435128222146,-79.25,153.67,-51.800000000000004,64,0,56.28530233778263,40,25.297087078591055
A_PA1_to_C1,41,-86.22610253573342,179.91939200172868,-79.98285537263547,-77.99,154.30999999999997,-51.800000000000004,64,0,57.69852560393699,41,25.932251687121543
A_PA1_to_C1,42,-85.12365930706832,180.83419046085237,-80.30845245386091,-76.74,154.94000000000003,-51.800000000000004,64,0,59.0983113018208,42,26.56137686225564
A_PA1_to_C1,43,-84.01449627720152,181.7418966549487,-80.63107011321773,-75.47000000000001,155.55999999999997,-51.800000000000004,64,0,60.51156994764607,43,27.196557371964204
A_PA1_to_C1,44,-82.89853717976428,182.64232658248505,-80.95063473369008,-74.2,156.17,-51.800000000000004,64,0,61.92047022800663,44,27.829779040801323
A_PA1_to_C1,45,-81.77570602721802,183.53529052099293,-81.26706971245501,-72.93,156.77,-51.800000000000004,64,0,63.325069815077626,45,28.461067789175626
A_PA1_to_C1,46,-80.64582348921154,184.4204769839685,-81.58024546867003,-71.64999999999999,157.35,-51.800000000000004,64,0,64.73034558872493,46,29.09266044549733
A_PA1_to_C1,47,-79.50878396989144,185.29764221152698,-81.89006653611779,-70.37,157.93000000000004,-51.800000000000004,64,0,66.13562136237223,47,29.72425310181903
A_PA1_to_C1,48,-78.36470409990349,186.16679159789868,-82.19653532246785,-69.08,158.5,-51.800000000000004,64,0,67.5459404751974,48,30.358112456284832
A_PA1_to_C1,49,-77.21351525637408,187.02771728459427,-82.49957047786444,-67.79,159.05999999999997,-51.800000000000004,64,0,68.95224769625543,49,30.990168690376972
A_PA1_to_C1,50,-76.05515221567957,187.88020837156643,-82.79908752134475,-66.49,159.6,-51.800000000000004,64,0,70.35994084463687,50,31.622847821082058
A_PA1_to_C1,51,-74.88955223574898,188.72404937384061,-83.0949989297513,-65.19,160.14,-51.800000000000004,64,0,71.76763399301828,51,32.25552695178713
A_PA1_to_C1,52,-73.71665496632944,189.55901897357802,-83.38721635930006,-63.88999999999999,160.66,-51.800000000000004,64,0,73.16777684287325,52,32.884812646704184
A_PA1_to_C1,53,-72.53640296667295,190.38489062496797,-83.67564995326215,-62.57999999999999,161.18000000000004,-51.800000000000004,64,0,74.57720935278638,53,33.51827352287924
A_PA1_to_C1,54,-71.34874150332857,191.20143234679898,-83.96020704576208,-61.26,161.68000000000004,-51.800000000000004,64,0,75.98873335187389,54,34.15267440615332
A_PA1_to_C1,55,-70.15362113228008,192.0084093828919,-84.24079431973101,-59.94,162.18000000000004,-51.800000000000004,64,0,77.4002573509614,55,34.78707528942739
A_PA1_to_C1,56,-68.95099439080366,192.80558006060818,-84.51731481171478,-58.62,162.66,-51.800000000000004,64,0,78.80482134024774,56,35.41834803859372
A_PA1_to_C1,57,-67.7408184239931,193.59269790109772,-84.78967186808131,-57.300000000000004,163.13,-51.800000000000004,64,0,80.20599941601112,57,36.04809900950403
A_PA1_to_C1,58,-66.52304882046394,194.36950405264457,-85.05776186945316,-55.97000000000001,163.59,-51.800000000000004,64,0,81.61330180000682,58,36.680602513530694
A_PA1_to_C1,59,-65.29736445794792,195.1353362413338,-85.32131526549605,-54.63,164.04,-51.800000000000004,64,0,83.026843451321,59,37.31591021833637
A_PA1_to_C1,60,-64.06398870106675,195.89027226448488,-85.5803706287233,-53.300000000000004,164.48,-51.800000000000004,64,0,84.42773602393319,60,37.94553287159044
A_PA1_to_C1,61,-62.8228995497926,196.63404521676426,-85.83482177572114,-51.959999999999994,164.91,-51.800000000000004,64,0,85.8350384079289,61,38.57803637561712
A_PA1_to_C1,62,-61.574080991881786,197.36638378280423,-86.08456237099054,-50.61000000000001,165.33,-51.800000000000004,64,0,87.24886300808268,62,39.21347125005921
A_PA1_to_C1,63,-60.3175221924691,198.08701135089117,-86.32948341654753,-49.26,165.73,-51.800000000000004,64,0,88.65687579211556,63,39.84629403906534
A_PA1_to_C1,64,-59.0532189483899,198.7956474068054,-86.56947528206894,-47.91,166.13,-51.800000000000004,64,0,90.06488857614843,64,40.479116828071476
A_PA1_to_C1,65,-57.78117418123128,199.4920086289987,-86.80442607520538,-46.56,166.51,-51.800000000000004,64,0,91.46735069684902,65,41.109444905175415
A_PA1_to_C1,66,-56.50139772720847,200.17580744614372,-87.03422398879702,-45.199999999999996,166.89,-51.800000000000004,64,0,92.87944134549734,66,41.74410046565095
A_PA1_to_C1,67,-55.21390634241263,200.84675221234846,-87.25875552522025,-43.84,167.25,-51.800000000000004,64,0,94.28628177710286,67,42.37639634798324
A_PA1_to_C1,68,-53.9187252008448,201.50454957328992,-87.47790625334093,-42.48,167.6,-51.800000000000004,64,0,95.69059655663058,68,43.00755709133804
A_PA1_to_C1,69,-52.61588688166932,202.14890215357067,-87.69156066867265,-41.12,167.94000000000003,-51.800000000000004,64,0,97.09245246934059,69,43.63761271194466
A_PA1_to_C1,70,-51.305433226217545,202.77951170494578,-87.89960339828633,-39.75,168.27,-51.800000000000004,64,0,98.50163663047779,70,44.27096196927164
A_PA1_to_C1,71,-49.98700076908163,203.3952860211952,-88.10159506690974,-38.38,168.59,-51.800000000000004,64,0,99.90851260226776,71,44.90327382492384
A_PA1_to_C1,72,-48.66072424070704,203.99600512794532,-88.29745317406535,-37.0,168.89,-51.800000000000004,64,0,101.32074487778054,72,45.53799303873292
A_PA1_to_C1,73,-47.32700018966312,204.58196768582224,-88.48730791743925,-35.63,169.19000000000003,-51.800000000000004,64,0,102.72320699848113,73,46.168321115836854
A_PA1_to_C1,74,-45.98591039331693,205.15286772437383,-88.67104090949582,-34.25,169.47,-51.800000000000004,64,0,104.13132631160768,74,46.801191783696744
A_PA1_to_C1,75,-44.63754649554768,205.70839844121866,-88.84853507484068,-32.87,169.75,-51.800000000000004,64,0,105.53944562473424,75,47.43406245155663
A_PA1_to_C1,76,-43.282011396903435,206.2482558076494,-89.01967349375998,-31.490000000000002,170.01,-51.800000000000004,64,0,106.9437247992576,76,48.065207192458615
A_PA1_to_C1,77,-41.919417359232085,206.77213383026503,-89.18434026853464,-30.099999999999998,170.26,-51.800000000000004,64,0,108.35602788287669,77,48.69995823054076
A_PA1_to_C1,78,-40.549391092869115,207.27851561654757,-89.34193078350054,-28.710000000000004,170.5,-51.800000000000004,64,0,109.76659514465473,78,49.333929114045375
A_PA1_to_C1,79,-39.172223859249115,207.7673671887726,-89.49243903545896,-27.32999999999999,170.73,-51.800000000000004,64,0,111.16563052662333,79,49.96271706425121
A_PA1_to_C1,80,-37.78842126078581,208.23922993018812,-89.63609218903564,-25.94,170.94000000000003,-51.800000000000004,64,0,112.57140433488695,80,50.59453355920455
A_PA1_to_C1,81,-36.398144323079634,208.69380836243153,-89.77278007058169,-24.539999999999996,171.15000000000003,-51.800000000000004,64,0,113.98706672401792,81,51.230794416733836
A_PA1_to_C1,82,-35.00156598799799,209.13081320906835,-89.90239448340782,-23.150000000000002,171.33999999999997,-51.800000000000004,64,0,115.38999223879053,82,51.86133076348731
A_PA1_to_C1,83,-33.59882471196269,209.54981931125974,-90.02477205237446,-21.75,171.53,-51.800000000000004,64,0,116.80282627009075,83,52.496320432778056
A_PA1_to_C1,84,-32.1893973615706,209.9482143116595,-90.13887484508459,-20.36,171.70000000000002,-51.800000000000004,64,0,118.20318336740557,84,53.12570241991391
A_PA1_to_C1,85,-30.77429878000518,210.328098954824,-90.24555516389711,-18.960000000000004,171.86,-51.800000000000004,64,0,119.61229656371025,85,53.75901978252818
A_PA1_to_C1,86,-29.353752174889728,210.68921166922962,-90.34471752312658,-17.56,172.01,-51.800000000000004,64,0,121.02030934774312,86,54.39184257153431
A_PA1_to_C1,87,-27.92799141483867,211.03129818854404,-90.4362692640794,-16.16,172.14,-51.800000000000004,64,0,122.42633210716062,87,55.02377095607084
A_PA1_to_C1,88,-26.49708986336301,211.35339983708317,-90.5198371965285,-14.760000000000002,172.27,-51.800000000000004,64,0,123.83235486657811,88,55.65569934060738
A_PA1_to_C1,89,-25.060970741497925,211.65367905566978,-90.594698687592,-13.36,172.38,-51.800000000000004,64,0,125.23666964610584,89,56.28686008396219
A_PA1_to_C1,90,-23.62047023416736,211.93414305010464,-90.6616657715752,-11.950000000000001,172.49,-51.800000000000004,64,0,126.65095391738937,90,56.922501554800036
A_PA1_to_C1,91,-22.17586800900967,212.1945834286198,-90.72066392626357,-10.549999999999999,172.57999999999998,-51.800000000000004,64,0,128.05384379189843,91,57.55302188325364
A_PA1_to_C1,92,-20.727453063034623,212.43480425702376,-90.77162563826467,-9.14,172.66000000000003,-51.800000000000004,64,0,129.46611147190814,92,58.1877570093987
A_PA1_to_C1,93,-19.275095162868993,212.65187307593305,-90.81339786387643,-7.740000000000001,172.73,-51.800000000000004,64,0,130.8678603795232,93,58.81776453721569
A_PA1_to_C1,94,-17.819519238473163,212.8477616926178,-90.84677561774734,-6.329999999999999,172.78,-51.800000000000004,64,0,132.27874662582371,94,59.45187878637541
A_PA1_to_C1,95,-16.361134123678585,213.0228626326401,-90.87192424144814,-4.920000000000001,172.82999999999998,-51.800000000000004,64,0,133.68963287212424,95,60.085993035535125
A_PA1_to_C1,96,-14.90026325715754,213.17704027493127,-90.8888001372905,-3.52,172.86,-51.800000000000004,64,0,135.08995426380545,96,60.71535897499095
A_PA1_to_C1,97,-13.43703824777575,213.30785671798188,-90.8964513331106,-2.11,172.89,-51.800000000000004,64,0,136.50027337663064,97,61.34921832945677
A_PA1_to_C1,98,-11.971971855513626,213.41633410235178,-90.89529536304707,-0.7000000000000001,172.90000000000003,-51.800000000000004,64,0,137.91030883717764,98,61.982950198129956
A_PA1_to_C1,99,-10.505520051148407,213.5035449776888,-90.88576482916936,0.7000000000000001,172.90000000000003,-51.800000000000004,64,0,139.31030883717764,99,62.612171690047816
A_PA1_to_C1,100,-9.03802752308437,213.56942533875434,-90.86784563242013,2.11,172.89,-51.800000000000004,64,0,140.72034429772464,100,63.24590355872101
A_PA1_to_C1,101,-7.569807923952865,213.61171415695904,-90.84065939040937,3.52,172.86,-51.800000000000004,64,0,142.13066341054983,101,63.87976291318682
A_PA1_to_C1,102,-6.1013043485989,213.63124009584075,-90.8045463307863,4.920000000000001,172.82999999999998,-51.800000000000004,64,0,143.53098480223105,102,64.50912885264265
A_PA1_to_C1,103,-4.63290635035838,213.62934326947368,-90.76004220259483,6.329999999999999,172.78,-51.800000000000004,64,0,144.94187104853157,103,65.14324310180237
A_PA1_to_C1,104,-3.1649638383140877,213.60603355183594,-90.70716071871894,7.740000000000001,172.73,-51.800000000000004,64,0,146.3527572948321,104,65.77735735096209
A_PA1_to_C1,105,-1.697943285825935,213.55919295710225,-90.64508693655804,9.14,172.66000000000003,-51.800000000000004,64,0,147.75450620244715,105,66.40736487877906
A_PA1_to_C1,106,-0.2322283949211496,213.48964013175782,-90.57415246751472,10.549999999999999,172.57999999999998,-51.800000000000004,64,0,149.16677388245685,106,67.04210000492414
A_PA1_to_C1,107,1.2318954371084003,213.39884013213708,-90.494939805427,11.950000000000001,172.49,-51.800000000000004,64,0,150.5696637569659,107,67.67262033337774
A_PA1_to_C1,108,2.6940895608745743,213.2868762750944,-90.40749239818872,13.36,172.38,-51.800000000000004,64,0,151.98394802824942,108,68.30826180421558
A_PA1_to_C1,109,4.153793231843601,213.15203258624499,-90.31115359116731,14.760000000000002,172.27,-51.800000000000004,64,0,153.38826280777715,109,68.93942254757039
A_PA1_to_C1,110,5.610639042819751,212.9946945263486,-90.20608538842838,16.16,172.14,-51.800000000000004,64,0,154.79428556719466,110,69.57135093210692
A_PA1_to_C1,111,7.064485336711198,212.81660122945664,-90.09297442379187,17.56,172.01,-51.800000000000004,64,0,156.20030832661217,111,70.20327931664347
A_PA1_to_C1,112,8.51502038884186,212.61790787921868,-89.97189010856013,18.960000000000004,171.86,-51.800000000000004,64,0,157.60832111064505,112,70.83610210564962
A_PA1_to_C1,113,9.961751170364483,212.3978116720477,-89.8425329653821,20.36,171.70000000000002,-51.800000000000004,64,0,159.01743430694972,113,71.46941946826387
A_PA1_to_C1,114,11.404091829012078,212.15529861284764,-89.70452284322877,21.75,171.53,-51.800000000000004,64,0,160.41779140426456,114,72.09880145539974
A_PA1_to_C1,115,12.842164013141215,211.89280589036775,-89.55881087418322,23.150000000000002,171.33999999999997,-51.800000000000004,64,0,161.83062543556477,115,72.73379112469048
A_PA1_to_C1,116,14.27569473601576,211.61054562237044,-89.40548865092514,24.539999999999996,171.15000000000003,-51.800000000000004,64,0,163.23355095033736,116,73.36432747144394
A_PA1_to_C1,117,15.704420609000886,211.3087399634558,-89.24465069119623,25.94,170.94000000000003,-51.800000000000004,64,0,164.64921333946833,117,74.00058832897322
A_PA1_to_C1,118,17.12746706111787,210.9853888030928,-89.07554022675586,27.32999999999999,170.73,-51.800000000000004,64,0,166.05498714773194,118,74.63240482392656
A_PA1_to_C1,119,18.54500242105926,210.64245975846785,-88.89892252982665,28.710000000000004,170.5,-51.800000000000004,64,0,167.45402252970052,119,75.26119277413238
A_PA1_to_C1,120,19.95695951902884,210.28081088695933,-88.71513602499982,30.099999999999998,170.26,-51.800000000000004,64,0,168.86458979147855,120,75.895163657637
A_PA1_to_C1,121,21.363122551409962,209.90070433483737,-88.52429015015632,31.490000000000002,170.01,-51.800000000000004,64,0,170.27689287509764,121,76.52991469571914
A_PA1_to_C1,122,22.763287163308185,209.50241116711734,-88.32649553713337,32.87,169.75,-51.800000000000004,64,0,171.68117204962098,122,77.16105943662112
A_PA1_to_C1,123,24.15657910066909,209.08432508444196,-88.12115160875746,34.25,169.47,-51.800000000000004,64,0,173.08929136274753,123,77.793930104481
A_PA1_to_C1,124,25.543293466436644,208.64820724072277,-87.90893755362836,35.63,169.19000000000003,-51.800000000000004,64,0,174.49741067587408,124,78.42680077234088
A_PA1_to_C1,125,26.92344255045924,208.1948571715838,-87.69016649807516,37.0,168.89,-51.800000000000004,64,0,175.89987279657467,125,79.05712884944482
A_PA1_to_C1,126,28.296872416348656,207.72456819260202,-87.46495907252391,38.38,168.59,-51.800000000000004,64,0,177.31210507208743,126,79.6918480632539
A_PA1_to_C1,127,29.663439688942976,207.23763640733537,-87.2334345109946,39.75,168.27,-51.800000000000004,64,0,178.71898104387742,127,80.3241599189061
A_PA1_to_C1,128,31.023012683729167,206.73436170913817,-86.99571479085466,41.12,167.94000000000003,-51.800000000000004,64,0,180.12816520501462,128,80.95750917623307
A_PA1_to_C1,129,32.37470356525212,206.2133764793259,-86.75128976688967,42.48,167.6,-51.800000000000004,64,0,181.53002111772463,129,81.5875647968397
A_PA1_to_C1,130,33.719101063085496,205.6766080948198,-86.50089817554122,43.84,167.25,-51.800000000000004,64,0,182.93433589725237,130,82.21872554019451
A_PA1_to_C1,131,35.05617762104751,205.12451340531013,-86.24471920298933,45.199999999999996,166.89,-51.800000000000004,64,0,184.34117632885787,131,82.85102142252678
A_PA1_to_C1,132,36.38584781708681,204.55739637263824,-85.98287507018212,46.56,166.51,-51.800000000000004,64,0,185.75326697750617,132,83.48567698300232
A_PA1_to_C1,133,37.70803641502904,203.97556182960767,-85.71548684828234,47.91,166.13,-51.800000000000004,64,0,187.15572909820676,133,84.11600506010626
A_PA1_to_C1,134,39.022676911149716,203.37931197772247,-85.44267500237243,49.26,165.73,-51.800000000000004,64,0,188.56374188223964,134,84.74882784911239
A_PA1_to_C1,135,40.32971261578653,202.76894899163807,-85.16455939825485,50.61000000000001,165.33,-51.800000000000004,64,0,189.97175466627252,135,85.38165063811853
A_PA1_to_C1,136,41.62902929258817,202.14465649380122,-84.8812160005424,51.959999999999994,164.91,-51.800000000000004,64,0,191.3855792664263,136,86.01708551256063
A_PA1_to_C1,137,42.92008254787703,201.50587618044761,-84.59244212770966,53.300000000000004,164.48,-51.800000000000004,64,0,192.79288165042203,137,86.64958901658731
A_PA1_to_C1,138,44.203440955801256,200.8539741852588,-84.29875593198065,54.63,164.04,-51.800000000000004,64,0,194.1937742230342,138,87.27921166984137
A_PA1_to_C1,139,45.479083879422326,200.18924068764778,-84.00027201496113,55.97000000000001,163.59,-51.800000000000004,64,0,195.6073158743484,139,87.91451937464704
A_PA1_to_C1,140,46.74699928704412,199.5119648380151,-83.69710381974916,57.300000000000004,163.13,-51.800000000000004,64,0,197.0146182583441,140,88.54702287867372
A_PA1_to_C1,141,48.007181537454464,198.82243129729403,-83.3893624432826,58.62,162.66,-51.800000000000004,64,0,198.41579633410748,141,89.17677384958402
A_PA1_to_C1,142,49.25963216287593,198.12092114404788,-83.07715879174981,59.94,162.18000000000004,-51.800000000000004,64,0,199.82036032339383,142,89.80804659875037
A_PA1_to_C1,143,50.504359087927725,197.4077115489707,-82.76060183738355,61.26,161.68000000000004,-51.800000000000004,64,0,201.23188432248133,143,90.44244748202443
A_PA1_to_C1,144,51.74137630049833,196.68307631020824,-82.4397969481123,62.57999999999999,161.18000000000004,-51.800000000000004,64,0,202.64340832156884,144,91.07684836529852
A_PA1_to_C1,145,52.97070413149112,195.94728477271042,-82.11485016116147,63.88999999999999,160.66,-51.800000000000004,64,0,204.05284083148197,145,91.71030924147357
A_PA1_to_C1,146,54.19236807897806,195.20060217646073,-81.78586373787522,65.19,160.14,-51.800000000000004,64,0,205.45298368133695,146,92.33959493639061
A_PA1_to_C1,147,55.40639861693578,194.44328844032668,-81.45293907592712,66.49,159.6,-51.800000000000004,64,0,206.86067682971836,147,92.9722740670957
A_PA1_to_C1,148,56.61283103800743,193.67559868660254,-81.11617586847467,67.79,159.05999999999997,-51.800000000000004,64,0,208.2683699780998,148,93.60495319780078
A_PA1_to_C1,149,57.811705742301854,192.89778461982107,-80.77567078527012,69.08,158.5,-51.800000000000004,64,0,209.67467719915783,149,94.23700943189291
A_PA1_to_C1,150,59.0030673546265,192.11009300087846,-80.431518605454,70.37,157.93000000000004,-51.800000000000004,64,0,211.084996311983,150,94.87086878635873
A_PA1_to_C1,151,60.18696445293098,191.3127651870468,-80.08381316359738,71.64999999999999,157.35,-51.800000000000004,64,0,212.4902720856303,151,95.50246144268041
A_PA1_to_C1,152,61.36344839289592,190.5060368241799,-79.73264497029759,72.93,156.77,-51.800000000000004,64,0,213.8955478592776,152,96.13405409900213
A_PA1_to_C1,153,62.53257525076112,189.69013986366625,-79.37810395588247,74.2,156.17,-51.800000000000004,64,0,215.3001474463486,153,96.76534284737643
A_PA1_to_C1,154,63.69440350185478,188.86530081635578,-79.02027652704841,75.47000000000001,155.55999999999997,-51.800000000000004,64,0,216.70904772670914,154,97.39856451621354
A_PA1_to_C1,155,64.8489950311793,188.03174176603557,-78.65924735945033,76.74,154.94000000000003,-51.800000000000004,64,0,218.1223063725344,155,98.03374502592212
A_PA1_to_C1,156,65.99641377848022,187.18967854614158,-78.29510006010506,77.99,154.30999999999997,-51.800000000000004,64,0,219.5220920704182,156,98.6628702010562
A_PA1_to_C1,157,67.13672726207854,186.33932368048715,-77.92791593936606,79.25,153.67,-51.800000000000004,64,0,220.93531533657256,157,99.29803480958667
A_PA1_to_C1,158,68.27000362544098,185.4808832655693,-77.55777279708337,80.5,153.02,-51.800000000000004,64,0,222.34421561693307,158,99.93125647842376
A_PA1_to_C1,159,69.3963146922312,184.61455973024454,-77.1847486605872,81.74,152.36,-51.800000000000004,64,0,223.74892199194528,159,100.56259322198929
A_PA1_to_C1,160,70.51573242914215,183.74054930316348,-76.80891769989609,82.98,151.69000000000003,-51.800000000000004,64,0,225.1583545018584,160,101.19605409816434
A_PA1_to_C1,161,71.62833176385743,182.8590444248774,-76.43035371243633,84.20999999999998,151.01,-51.800000000000004,64,0,226.56380816527104,161,101.82772670595999
A_PA1_to_C1,162,72.73418891237762,181.9702330772119,-76.04912746341594,85.43,150.31999999999996,-51.800000000000004,64,0,227.96541438671846,162,102.45767010434606
A_PA1_to_C1,163,73.83338034769403,181.07429724503453,-75.66530789168684,86.64999999999999,149.62,-51.800000000000004,64,0,229.37197046451982,163,103.08983818558914
A_PA1_to_C1,164,74.92598411421237,180.17141451585326,-75.27896292817486,87.87,148.91,-51.800000000000004,64,0,230.78352988586914,164,103.72425498918352
A_PA1_to_C1,165,76.01207975140403,179.2617589762031,-74.89015774945686,89.08000000000001,148.19000000000003,-51.800000000000004,64,0,232.19154266990202,165,104.35707777818966
A_PA1_to_C1,166,77.09174762221413,178.34549973922313,-74.49895691208107,90.27999999999999,147.46,-51.800000000000004,64,0,233.596142256973,166,104.98836652656395
A_PA1_to_C1,167,78.16506757020039,177.42280052578397,-74.10542222749868,91.48,146.72,-51.800000000000004,64,0,235.00596494085917,167,105.62200276406004
A_PA1_to_C1,168,79.23212000205737,176.49382133220942,-73.70961251769542,92.66999999999999,145.97,-51.800000000000004,64,0,236.4125921125006,168,106.25420279799746
A_PA1_to_C1,169,80.29224570660762,175.5579947426321,-73.31132774143597,93.86,145.21,-51.800000000000004,64,0,237.82457653167808,169,106.88881061428292
A_PA1_to_C1,170,81.34621913040817,174.61616876514665,-72.91087417856407,95.02999999999999,144.44000000000003,-51.800000000000004,64,0,239.2252192412939,170,107.51832096813175
A_PA1_to_C1,171,82.39413102461414,173.6684998218995,-72.50831209760779,96.21000000000001,143.66,-51.800000000000004,64,0,240.6397156181009,171,108.1540577685081
A_PA1_to_C1,172,83.43606417922192,172.71513292392234,-72.1036958297561,97.37,142.87,-51.800000000000004,64,0,242.04317562821873,172,108.78483434094625
A_PA1_to_C1,173,84.4721014411665,171.75620943958634,-71.69707749993427,98.52999999999999,142.08,-51.800000000000004,64,0,243.44663563833657,173,109.41561091338438
A_PA1_to_C1,174,85.50232556270261,170.791866357757,-71.28850885598135,99.68,141.27,-51.800000000000004,64,0,244.85326280997802,174,110.04781094732184
A_PA1_to_C1,175,86.52681905914028,169.82223673745816,-70.87804031093589,100.83000000000001,140.45000000000002,-51.800000000000004,64,0,246.2656720991007,175,110.68260971882214
A_PA1_to_C1,176,87.54566407425344,168.8474505459108,-70.46571908527208,101.97000000000001,139.63,-51.800000000000004,64,0,247.66995127362406,176,111.31375445972412
A_PA1_to_C1,177,88.55844803780349,167.867192725398,-70.05143424762115,103.10000000000001,138.79,-51.800000000000004,64,0,249.07796405765694,177,111.94657724873025
A_PA1_to_C1,178,89.56514571001105,166.88150772968868,-69.63520370616975,104.23,137.95000000000002,-51.800000000000004,64,0,250.4859768416898,178,112.57940003773638
A_PA1_to_C1,179,90.56640539812673,165.8910264611522,-69.21725653762716,105.35000000000001,137.1,-51.800000000000004,64,0,251.8919996011073,179,113.21132842227293
A_PA1_to_C1,180,91.56230890900198,164.8958659730496,-68.79763588335707,106.46000000000001,136.24,-51.800000000000004,64,0,253.2961719552006,180,113.84242515338178
A_PA1_to_C1,181,92.55293700046963,163.896139665199,-68.3763832599028,107.56999999999996,135.36,-51.800000000000004,64,0,254.71268175043673,181,114.47906687243515
A_PA1_to_C1,182,93.53836968657228,162.89195751358886,-67.95353909558447,108.66999999999999,134.48,-51.800000000000004,64,0,256.121369082672,182,115.11219283303151
A_PA1_to_C1,183,94.51868676017396,161.8834265470593,-67.52914318940918,109.76,133.6,-51.800000000000004,64,0,257.5222616552842,183,115.74181548628555
A_PA1_to_C1,184,95.49271186178296,160.86960742102326,-67.1028632821566,110.84000000000002,132.70000000000002,-51.800000000000004,64,0,258.9281065969474,184,116.37366395171307
A_PA1_to_C1,185,96.46170388940378,159.85160660413624,-66.67509437547085,111.91999999999999,131.79,-51.800000000000004,64,0,260.34037427695705,185,117.0083990778581
A_PA1_to_C1,186,97.42578646563031,158.82956069145675,-66.24588697364936,112.99,130.88,-51.800000000000004,64,0,261.7450094609105,186,117.63970382503491
A_PA1_to_C1,187,98.38503709192017,157.8035656055637,-65.81527629218837,114.04999999999998,129.95000000000002,-51.800000000000004,64,0,263.1551512977482,187,118.27348350388547
A_PA1_to_C1,188,99.33953257020568,156.7737146908155,-65.3832963626497,115.10000000000001,129.02,-51.800000000000004,64,0,264.55779166505556,188,118.90389169284359
A_PA1_to_C1,189,100.28870623937988,155.7395876756556,-64.94979971852082,116.14999999999999,128.08,-51.800000000000004,64,0,265.9670822667414,189,119.53728878922827
A_PA1_to_C1,190,101.23243476882729,154.7011333967404,-64.5147688375107,117.19000000000003,127.13,-51.800000000000004,64,0,267.3756631128415,190,120.1703668902783
A_PA1_to_C1,191,102.17160842977847,153.6590922034527,-64.07846897385889,118.22000000000001,126.16999999999999,-51.800000000000004,64,0,268.78367589687434,191,120.80318967928442
A_PA1_to_C1,192,103.10630135656044,152.6135477256028,-63.64093019392648,119.24,125.21000000000001,-51.800000000000004,64,0,270.1843900004658,192,121.43273212072171
A_PA1_to_C1,193,104.03658653160821,151.56458106634273,-63.202181488311076,120.25,124.23,-51.800000000000004,64,0,271.5916923844615,193,122.06523562474838
A_PA1_to_C1,194,104.9617151567351,150.511645489133,-62.762031087396835,121.26,123.25,-51.800000000000004,64,0,272.99899476845724,194,122.69773912877508
A_PA1_to_C1,195,105.88177918168333,149.45485205613636,-62.32052044666756,122.26,122.26,-51.800000000000004,64,0,274.40615502940835,195,123.33017875646307
A_PA1_to_C1,196,106.79762797996236,148.3948745970604,-61.877887560531605,123.25,121.26,-51.800000000000004,64,0,275.81331529035947,196,123.96261838415106
A_PA1_to_C1,197,107.70933131348907,147.3317852401758,-61.43415856706641,124.23,120.25,-51.800000000000004,64,0,277.2206176743552,197,124.59512188817773
A_PA1_to_C1,198,108.61695800000001,146.26565400000004,-60.989359,125.21000000000001,119.24,-51.800000000000004,64,0,278.6279200583509,198,125.22762539220443
B_PA2_to_C2,0,-111.344089,143.730347,-72.94225599999999,-123.80999999999997,161.25,-51.800000000000004,64,1,531.1666309523443,199,238.72961427487013
B_PA2_to_C2,1,-110.38386537861794,143.92504987544245,-73.40755896180973,-122.74,162.06999999999996,-51.800000000000004,64,1,532.5147036506808,200,239.335497356628
B_PA2_to_C2,2,-109.4218299609588,144.1185327097424,-73.86961573883003,-121.65999999999998,162.88,-51.800000000000004,64,1,533.8647036506808,201,239.9422466524059
B_PA2_to_C2,3,-108.45798450643372,144.31078641668583,-74.32840069786123,-120.56999999999996,163.68000000000004,-51.800000000000004,64,1,535.2167761339449,202,240.54992741319202
B_PA2_to_C2,4,-107.4923307956957,144.50179958697743,-74.7838886057273,-119.48,164.48,-51.800000000000004,64,1,536.5688486172089,203,241.1576081739781
B_PA2_to_C2,5,-106.5248704079047,144.69156262453674,-75.23605239698662,-118.39,165.27,-51.800000000000004,64,1,537.9150283971788,204,241.76264049507978
B_PA2_to_C2,6,-105.55560598576687,144.8800661623952,-75.68486654027399,-117.28999999999999,166.05999999999997,-51.800000000000004,64,1,539.269317878789,205,242.3713176722993
B_PA2_to_C2,7,-104.58453988214106,145.06729927392988,-76.1303048784166,-116.18000000000004,166.83,-51.800000000000004,64,1,540.6202434873996,206,242.97848297724224
B_PA2_to_C2,8,-103.61167478761367,145.25325172348178,-76.57234104120653,-115.06999999999996,167.6,-51.800000000000004,64,1,541.9711690960103,207,243.58564828218508
B_PA2_to_C2,9,-102.63701375124137,145.4379140468565,-77.01094843943008,-113.95000000000002,168.36,-51.800000000000004,64,1,543.3246830412653,208,244.19397689930295
B_PA2_to_C2,10,-101.6605600506468,145.62127561992435,-77.4461008038966,-112.83000000000001,169.12,-51.800000000000004,64,1,544.6781969865204,209,244.80230551642083
B_PA2_to_C2,11,-100.68231730915193,145.80332558276277,-77.877772044352,-111.70000000000002,169.86,-51.800000000000004,64,1,546.0289375241516,210,245.4093876423367
B_PA2_to_C2,12,-99.70228929415877,145.98405451638737,-78.30593509369717,-110.56999999999996,170.6,-51.800000000000004,64,1,547.3796780617828,211,246.01646976825262
B_PA2_to_C2,13,-98.7204801590521,146.16345228221533,-78.73056335422048,-109.43000000000004,171.32999999999998,-51.800000000000004,64,1,548.7333766988509,212,246.6248813939834
B_PA2_to_C2,14,-97.73689414441262,146.34150742262747,-79.15163026818743,-108.28999999999999,172.05999999999997,-51.800000000000004,64,1,550.0870753359189,213,247.23329301971424
B_PA2_to_C2,15,-96.75153606554488,146.5182102967413,-79.56910911524014,-107.14999999999999,172.77,-51.800000000000004,64,1,551.4300943231265,214,247.83690474171763
B_PA2_to_C2,16,-95.76441098545335,146.6935506411538,-79.98297329248382,-106.0,173.48,-51.800000000000004,64,1,552.7816119885678,215,248.44433614300496
B_PA2_to_C2,17,-94.7755246978455,146.8675188399196,-80.39319692783319,-104.84000000000002,174.18000000000004,-51.800000000000004,64,1,554.136455152923,216,249.05326216956948
B_PA2_to_C2,18,-93.78488196301028,147.04010262552612,-80.79975203414823,-103.68000000000004,174.88,-51.800000000000004,64,1,555.4912983172782,217,249.66218819613397
B_PA2_to_C2,19,-92.79243553795601,147.21124955115144,-81.20249796185014,-102.52,175.55999999999997,-51.800000000000004,64,1,556.8359172223959,218,250.2665189915191
B_PA2_to_C2,20,-91.79822993559468,147.38097891626882,-81.6014867311795,-101.35000000000001,176.24,-51.800000000000004,64,1,558.1891725567656,219,250.87473137754614
B_PA2_to_C2,21,-90.80229103355435,147.54929578769315,-81.99673259850911,-100.16999999999999,176.91000000000003,-51.800000000000004,64,1,559.5461176551391,220,251.4846021055813
B_PA2_to_C2,22,-89.80462601702506,147.71619055711744,-82.38820952039464,-98.99,177.56999999999996,-51.800000000000004,64,1,560.8981531576316,221,252.0922662455843
B_PA2_to_C2,23,-88.80524149658001,147.88165129826228,-82.77589017906962,-97.81,178.22,-51.800000000000004,64,1,562.2453354021701,222,252.69774911829415
B_PA2_to_C2,24,-87.80414478986354,148.0456683441914,-83.15974727592672,-96.62,178.87,-51.800000000000004,64,1,563.6012852537501,223,253.3071725387063
B_PA2_to_C2,25,-86.8013441490417,148.2082311006223,-83.53975553399744,-95.43,179.51,-51.800000000000004,64,1,564.9524699191456,224,253.91445427514682
B_PA2_to_C2,26,-85.79684713155581,148.36932931117394,-83.91588687010773,-94.24,180.14,-51.800000000000004,64,1,566.2989468034626,225,254.51962012799171
B_PA2_to_C2,27,-84.79066219213736,148.52895259434032,-84.28811479164705,-93.03999999999999,180.76,-51.800000000000004,64,1,567.6496503238549,226,255.1266856167345
B_PA2_to_C2,28,-83.78279833852454,148.68709051038687,-84.65641348019483,-91.83000000000001,181.38,-51.800000000000004,64,1,569.009245851944,227,255.73774756429816
B_PA2_to_C2,29,-82.77326448436182,148.84373269838642,-85.0207559726652,-90.63,181.98,-51.800000000000004,64,1,570.3508866384439,228,256.34073986236905
B_PA2_to_C2,30,-81.76207001190437,148.99886944655137,-85.38111544941161,-89.40999999999998,182.57999999999998,-51.800000000000004,64,1,571.7104453903925,229,256.95178528111984
B_PA2_to_C2,31,-80.74922459345134,149.15248953395547,-85.73746566339398,-88.20000000000002,183.17000000000002,-51.800000000000004,64,1,573.0566251703624,230,257.55681760222154
B_PA2_to_C2,32,-79.7347381671976,149.3045824755824,-86.08977990629651,-86.98,183.75,-51.800000000000004,64,1,574.4074767536239,231,258.1639496369211
B_PA2_to_C2,33,-78.71862135234821,149.4551382571482,-86.4380323272578,-85.76,184.32999999999998,-51.800000000000004,64,1,575.7583283368854,232,258.77108167162066
B_PA2_to_C2,34,-77.70088469592275,149.60414667348581,-86.78219602640095,-84.52999999999999,184.89,-51.800000000000004,64,1,577.1098090063734,233,259.37849644530166
B_PA2_to_C2,35,-76.68153940290324,149.75159744535128,-87.12224516612059,-83.29999999999997,185.45000000000002,-51.800000000000004,64,1,578.4612896758616,234,259.9859112189828
B_PA2_to_C2,36,-75.66059697847993,149.8974803307656,-87.45815384885604,-82.06,186.0,-51.800000000000004,64,1,579.8177925324749,235,260.59558318414634
B_PA2_to_C2,37,-74.63806924818577,150.04178512486584,-87.7898962109968,-80.81999999999998,186.54,-51.800000000000004,64,1,581.1702717374907,236,261.203446743552
B_PA2_to_C2,38,-73.61396815521525,150.18450169084593,-88.11744574553933,-79.58,187.07999999999998,-51.800000000000004,64,1,582.5227509425064,237,261.8113103029576
B_PA2_to_C2,39,-72.58830630330328,150.32561996117698,-88.44077702518774,-78.34000000000002,187.59999999999997,-51.800000000000004,64,1,583.8673698476241,238,262.41564109834275
B_PA2_to_C2,40,-71.56109641508871,150.46512977948345,-88.7598640362138,-77.09000000000002,188.12,-51.800000000000004,64,1,585.2212162200017,239,263.0241191228106
B_PA2_to_C2,41,-70.53235169037065,150.6030210563669,-89.07468130687656,-75.84000000000002,188.63,-51.800000000000004,64,1,586.5712532565307,240,263.63088506443137
B_PA2_to_C2,42,-69.50208597534196,150.73928382249213,-89.38520441788361,-74.58,189.13,-51.800000000000004,64,1,587.9268343127571,241,264.2401427320131
B_PA2_to_C2,43,-68.47031288272552,150.8739081752133,-89.69140715404404,-73.31999999999998,189.62,-51.800000000000004,64,1,589.2787588668651,242,264.847757006939
B_PA2_to_C2,44,-67.43704656234294,151.00688424031952,-89.9932640606525,-72.06,190.09999999999997,-51.800000000000004,64,1,590.6270911701198,243,265.45375676654965
B_PA2_to_C2,45,-66.40230189331928,151.13820215259082,-90.29075113844434,-70.79,190.57999999999998,-51.800000000000004,64,1,591.9847730179766,244,266.0639586221627
B_PA2_to_C2,46,-65.36609387181097,151.2678522055928,-90.58384371028333,-69.52,191.04,-51.800000000000004,64,1,593.3355135556078,245,266.67104074807855
B_PA2_to_C2,47,-64.32843764514976,151.39582463511093,-90.87251660833755,-68.25,191.5,-51.800000000000004,64,1,594.686254093239,246,267.27812287399445
B_PA2_to_C2,48,-63.28934886231595,151.5221097582287,-91.1567453525607,-66.98,191.95000000000002,-51.800000000000004,64,1,596.0336218975151,247,267.8836891454007
B_PA2_to_C2,49,-62.24884367455399,151.64669748594082,-91.43650640982341,-65.7,192.39,-51.800000000000004,64,1,597.3871358427701,248,268.4920177625185
B_PA2_to_C2,50,-61.20693837904393,151.76957901160443,-91.71177513775478,-64.42,192.81999999999996,-51.800000000000004,64,1,598.7374321065582,249,269.09890021225556
B_PA2_to_C2,51,-60.16364981403855,151.89074522038314,-91.98252799904806,-63.13999999999999,193.25,-51.800000000000004,64,1,600.0877283703463,250,269.7057826619926
B_PA2_to_C2,52,-59.118995098258246,152.01018632705112,-92.24874172716541,-61.85000000000001,193.66000000000003,-51.800000000000004,64,1,601.4413161953506,251,270.31414448391484
B_PA2_to_C2,53,-58.072991616937074,152.12789314608403,-92.51039273571692,-60.56,194.06999999999996,-51.800000000000004,64,1,602.7949040203549,252,270.922506305837
B_PA2_to_C2,54,-57.02565725142257,152.24385640055144,-92.76745833238854,-59.269999999999996,194.47,-51.800000000000004,64,1,604.1454964829431,253,271.5295218803247
B_PA2_to_C2,55,-55.97700994133772,152.35806700921157,-93.0199148280702,-57.980000000000004,194.86,-51.800000000000004,64,1,605.4931611296561,254,272.13522156576016
B_PA2_to_C2,56,-54.92706831895261,152.47051600784266,-93.26774021710568,-56.68,195.24,-51.800000000000004,64,1,606.8475613659231,255,272.7439485209872
B_PA2_to_C2,57,-53.87585117730203,152.58119383266,-93.5109122821452,-55.38,195.61,-51.800000000000004,64,1,608.1991900131484,256,273.35142980236293
B_PA2_to_C2,58,-52.82337771589518,152.6900926983506,-93.74940860700194,-54.07999999999999,195.98,-51.800000000000004,64,1,609.5508186603737,257,273.95891108373866
B_PA2_to_C2,59,-51.7696674550234,152.79720389478553,-93.98320742451459,-52.769999999999996,196.32999999999998,-51.800000000000004,64,1,610.9067685119537,258,274.5683345041508
B_PA2_to_C2,60,-50.71474037182839,152.90251849194152,-94.21228796453828,-51.47000000000001,196.68000000000004,-51.800000000000004,64,1,612.2530597137373,259,275.17341690310946
B_PA2_to_C2,61,-49.658616454597954,153.00602810349906,-94.43662804934597,-50.16,197.01,-51.800000000000004,64,1,613.603985322348,260,275.78058220805235
B_PA2_to_C2,62,-48.60131628715884,153.10772344792713,-94.65620749994548,-48.85000000000001,197.33999999999997,-51.800000000000004,64,1,614.9549109309586,261,276.38774751299525
B_PA2_to_C2,63,-47.54286080845083,153.20759763587284,-94.87100552845139,-47.540000000000006,197.66000000000003,-51.800000000000004,64,1,616.3034286356997,262,276.99383060017726
B_PA2_to_C2,64,-46.4832711325046,153.30564221957906,-95.0810017177901,-46.22,197.98,-51.800000000000004,64,1,617.6616627834077,263,277.604280683602
B_PA2_to_C2,65,-45.422568901487594,153.40184895521443,-95.28617699272675,-44.89999999999999,198.28,-51.800000000000004,64,1,619.0153244841291,264,278.21267570851626
B_PA2_to_C2,66,-44.360775570186505,153.49620909959992,-95.48651027214626,-43.57999999999999,198.56999999999996,-51.800000000000004,64,1,620.3668051536172,265,278.8200904821973
B_PA2_to_C2,67,-43.29791368497544,153.58871652443105,-95.68198375449377,-42.26,198.86,-51.800000000000004,64,1,621.7182858231052,266,279.4275052558783
B_PA2_to_C2,68,-42.234005550773134,153.6793630286134,-95.87257810104781,-40.94,199.14,-51.800000000000004,64,1,623.0676560465798,267,280.0339715024242
B_PA2_to_C2,69,-41.16907381901202,153.76814085817182,-96.05827437794426,-39.62,199.40000000000003,-51.800000000000004,64,1,624.4130184512873,268,280.6386364591815
B_PA2_to_C2,70,-40.1031289537576,153.85501755222404,-96.23899125430627,-38.29,199.66000000000003,-51.800000000000004,64,1,625.768193716705,269,281.2477117465503
B_PA2_to_C2,71,-39.03618987823958,153.939976772089,-96.4146819293428,-36.96,199.91000000000003,-51.800000000000004,64,1,627.1214859985126,270,281.8559407383788
B_PA2_to_C2,72,-37.96829818015255,154.02304379636786,-96.58541758393567,-35.63,200.15000000000003,-51.800000000000004,64,1,628.4729666680007,271,282.4633555120598
B_PA2_to_C2,73,-36.8994776678617,154.104211003158,-96.75118039535157,-34.300000000000004,200.39,-51.800000000000004,64,1,629.8244473374888,272,283.0707702857409
B_PA2_to_C2,74,-35.829752775415024,154.18347341545706,-96.91195389931922,-32.97,200.61,-51.800000000000004,64,1,631.1725200358252,273,283.6766533674987
B_PA2_to_C2,75,-34.759148008312394,154.26082338826797,-97.06772212617592,-31.63,200.81999999999996,-51.800000000000004,64,1,632.5288754464754,274,284.28625906397025
B_PA2_to_C2,76,-33.68768816862759,154.33625396422505,-97.21846945332713,-30.300000000000004,201.03,-51.800000000000004,64,1,633.8753523307923,275,284.89142491681514
B_PA2_to_C2,77,-32.61539853755643,154.40976009116122,-97.36418135205341,-28.960000000000004,201.23,-51.800000000000004,64,1,635.2301954951475,276,285.5003509433796
B_PA2_to_C2,78,-31.542304290062436,154.48133467447258,-97.50484226081323,-27.62,201.41000000000003,-51.800000000000004,64,1,636.58223099764,277,286.1080150833826
B_PA2_to_C2,79,-30.468431108936045,154.55097297226447,-97.64043783150109,-26.28,201.58999999999997,-51.800000000000004,64,1,637.9342665001324,278,286.7156792233856
B_PA2_to_C2,80,-29.393804767762326,154.61866810134381,-97.77095418124917,-24.94,201.76,-51.800000000000004,64,1,639.2850070377635,279,287.3227613493015
B_PA2_to_C2,81,-28.318451356452023,154.68441462884488,-97.89637786883975,-23.599999999999998,201.93000000000004,-51.800000000000004,64,1,640.6357475753947,280,287.92984347521735
B_PA2_to_C2,82,-27.2423972641524,154.74820751656995,-98.01669642786544,-22.259999999999998,202.07999999999998,-51.800000000000004,64,1,641.9841169609861,281,288.5358599012589
B_PA2_to_C2,83,-26.16566900686439,154.81004129594638,-98.13189739193845,-20.91,202.22,-51.800000000000004,64,1,643.3413568071444,282,289.1458631018947
B_PA2_to_C2,84,-25.088293256508223,154.86991089153568,-98.24196809318909,-19.569999999999997,202.36,-51.800000000000004,64,1,644.6886503905923,283,289.7513960152007
B_PA2_to_C2,85,-24.01029697344074,154.9278115916748,-98.34689701737234,-18.22,202.48,-51.800000000000004,64,1,646.0439732303615,284,290.360537628965
B_PA2_to_C2,86,-22.931707318956335,154.98373900900486,-98.44667307402543,-16.87,202.59999999999997,-51.800000000000004,64,1,647.3992960701307,285,290.9696792427292
B_PA2_to_C2,87,-21.852551628145463,155.03768748408027,-98.54128635480694,-15.53,202.71,-51.800000000000004,64,1,648.7438034148485,286,291.5739598979705
B_PA2_to_C2,88,-20.77285737727351,155.08965376136825,-98.63072567176079,-14.180000000000003,202.79999999999998,-51.800000000000004,64,1,650.096800088902,287,292.18205603069043
B_PA2_to_C2,89,-19.692652288997586,155.13963285791397,-98.7149823358053,-12.83,202.89,-51.800000000000004,64,1,651.4497967629555,288,292.79015216341037
B_PA2_to_C2,90,-18.61196423594128,155.18762180084667,-98.79404690542013,-11.480000000000002,202.98,-51.800000000000004,64,1,652.8027934370091,289,293.39824829613025
B_PA2_to_C2,91,-17.53082121803602,155.2336156026439,-98.86791142702478,-10.13,203.04999999999998,-51.800000000000004,64,1,654.1546070336266,290,294.0058127018863
B_PA2_to_C2,92,-16.44925130893432,155.27761120152687,-98.93656618480168,-8.78,203.11,-51.800000000000004,64,1,655.5059397091732,291,294.61316096058977
B_PA2_to_C2,93,-15.367282953400316,155.31960635618893,-99.00000520316733,-7.429999999999999,203.16000000000003,-51.800000000000004,64,1,656.8568653177838,292,295.2203262655326
B_PA2_to_C2,94,-14.284936730472019,155.35955078778733,-99.05810188618948,-6.079999999999999,203.21,-51.800000000000004,64,1,658.2077909263944,293,295.8274915704755
B_PA2_to_C2,95,-13.20224339567479,155.3974442967575,-99.11085419389339,-4.73,203.24,-51.800000000000004,64,1,659.5581242185856,294,296.43439066240325
B_PA2_to_C2,96,-12.119239570985165,155.4333259341982,-99.15836949775445,-3.3799999999999994,203.27,-51.800000000000004,64,1,660.9084575107768,295,297.04128975433105
B_PA2_to_C2,97,-11.035954038584121,155.46719473161767,-99.20064078858213,-2.03,203.29,-51.800000000000004,64,1,662.258605650797,296,297.6481056307408
B_PA2_to_C2,98,-9.952415705712683,155.49904677165716,-99.23766471970472,-0.6799999999999999,203.29999999999998,-51.800000000000004,64,1,663.608642687326,297,298.2548715723616
B_PA2_to_C2,99,-8.868653542257167,155.52888109151874,-99.26943581532939,0.6799999999999999,203.29999999999998,-51.800000000000004,64,1,664.968642687326,298,298.8661153073675
B_PA2_to_C2,100,-7.784696647000553,155.55669596799538,-99.29595168049701,2.03,203.29,-51.800000000000004,64,1,666.318679723855,299,299.47288124898836
B_PA2_to_C2,101,-6.700574090627914,155.58248888798403,-99.31720834713165,3.3799999999999994,203.27,-51.800000000000004,64,1,667.6688278638752,300,300.07969712539807
B_PA2_to_C2,102,-5.616315065931505,155.6062589687898,-99.33320358502306,4.73,203.24,-51.800000000000004,64,1,669.0191611560664,301,300.68659621732587
B_PA2_to_C2,103,-4.531948766026188,155.62800404835014,-99.34393501923688,6.079999999999999,203.21,-51.800000000000004,64,1,670.3694944482576,302,301.2934953092537
B_PA2_to_C2,104,-3.44750445800988,155.64772418831205,-99.34940086171216,7.429999999999999,203.16000000000003,-51.800000000000004,64,1,671.7204200568682,303,301.9006606141965
B_PA2_to_C2,105,-2.3630114133557245,155.66541793816927,-99.3496006662767,8.78,203.11,-51.800000000000004,64,1,673.0713456654788,304,302.5078259191394
B_PA2_to_C2,106,-1.278498914416866,155.68108421535902,-99.34453342396944,10.13,203.04999999999998,-51.800000000000004,64,1,674.4226783410254,305,303.11517417784285
B_PA2_to_C2,107,-0.19399627003694597,155.69472371767526,-99.33419986729729,11.480000000000002,202.98,-51.800000000000004,64,1,675.7744919376429,306,303.72273858359887
B_PA2_to_C2,108,0.8904672233824947,155.70633517500383,-99.31859957134051,12.83,202.89,-51.800000000000004,64,1,677.1274886116964,307,304.3308347163188
B_PA2_to_C2,109,1.9748622970068275,155.7159185771087,-99.29773448040478,14.180000000000003,202.79999999999998,-51.800000000000004,64,1,678.48048528575,308,304.9389308490387
B_PA2_to_C2,110,3.059159680973665,155.72347442755427,-99.27160608203349,15.53,202.71,-51.800000000000004,64,1,679.8334819598035,309,305.5470269817586
B_PA2_to_C2,111,4.143330136585643,155.72900397382432,-99.24021636121546,16.87,202.59999999999997,-51.800000000000004,64,1,681.1779893045212,310,306.1513076369999
B_PA2_to_C2,112,5.227344481535621,155.73250618129498,-99.20356807735817,18.22,202.48,-51.800000000000004,64,1,682.5333121442904,311,306.76044925076417
B_PA2_to_C2,113,6.311173611409227,155.73398248082185,-99.16166550764349,19.569999999999997,202.36,-51.800000000000004,64,1,683.8886349840596,312,307.3695908645284
B_PA2_to_C2,114,7.394782462526731,155.73338500105064,-99.11438346663768,20.91,202.22,-51.800000000000004,64,1,685.2359285675076,313,307.9751237778344
B_PA2_to_C2,115,8.478141025309707,155.7307228648241,-99.06174645880142,22.259999999999998,202.07999999999998,-51.800000000000004,64,1,686.5931684136659,314,308.5851269784702
B_PA2_to_C2,116,9.561224891104924,155.72603815765683,-99.00386883744937,23.599999999999998,201.93000000000004,-51.800000000000004,64,1,687.9415377992573,315,309.19114340451176
B_PA2_to_C2,117,10.64400526204448,155.71933353831668,-98.94075634454964,24.94,201.76,-51.800000000000004,64,1,689.2922783368884,316,309.79822553042766
B_PA2_to_C2,118,11.726453465486236,155.71061091327692,-98.87241568891406,26.28,201.58999999999997,-51.800000000000004,64,1,690.6430188745196,317,310.40530765634355
B_PA2_to_C2,119,12.808540831343858,155.6998726481481,-98.79885227901211,27.62,201.41000000000003,-51.800000000000004,64,1,691.995054377012,318,311.0129717963465
B_PA2_to_C2,120,13.890238970931275,155.68712123001086,-98.72007462096659,28.960000000000004,201.23,-51.800000000000004,64,1,693.3470898795044,319,311.6206359363495
B_PA2_to_C2,121,14.971519467755202,155.67235797569495,-98.63608964081362,30.300000000000004,201.03,-51.800000000000004,64,1,694.7019330438596,320,312.22956196291403
B_PA2_to_C2,122,16.052354114914245,155.6555863167227,-98.54690555049525,31.63,200.81999999999996,-51.800000000000004,64,1,696.0484099281766,321,312.8347278157589
B_PA2_to_C2,123,17.132714842548474,155.6368091544556,-98.45253107240914,32.97,200.61,-51.800000000000004,64,1,697.4047653388268,322,313.44433351223046
B_PA2_to_C2,124,18.2125737773163,155.61602957632962,-98.35297588894588,34.300000000000004,200.39,-51.800000000000004,64,1,698.7528380371632,323,314.0502165939883
B_PA2_to_C2,125,19.291903187215375,155.59325143620615,-98.24824980430816,35.63,200.15000000000003,-51.800000000000004,64,1,700.1043187066513,324,314.6576313676693
B_PA2_to_C2,126,20.370675431420327,155.5684775792159,-98.1383625598915,36.96,199.91000000000003,-51.800000000000004,64,1,701.4557993761393,325,315.2650461413503
B_PA2_to_C2,127,21.448863093295273,155.54171133133082,-98.02332482807778,38.29,199.66000000000003,-51.800000000000004,64,1,702.809091657947,326,315.8732751331788
B_PA2_to_C2,128,22.526438964794103,155.51295701115404,-97.90314781249332,39.62,199.40000000000003,-51.800000000000004,64,1,704.1642669233647,327,316.4823504205477
B_PA2_to_C2,129,23.603376107384634,155.48221867535082,-97.77784391778182,40.94,199.14,-51.800000000000004,64,1,705.5096293280722,328,317.08701537730497
B_PA2_to_C2,130,24.67964765573138,155.44950057050062,-97.64742489607835,42.26,198.86,-51.800000000000004,64,1,706.8589995515467,329,317.6934816238508
B_PA2_to_C2,131,25.7552268488753,155.41480710488227,-97.51190216737936,43.57999999999999,198.56999999999996,-51.800000000000004,64,1,708.2104802210348,330,318.30089639753186
B_PA2_to_C2,132,26.830087607698424,155.37814292595095,-97.37129126067427,44.89999999999999,198.28,-51.800000000000004,64,1,709.5619608905229,331,318.90831117121286
B_PA2_to_C2,133,27.904203500133505,155.33951282222966,-97.22560371147092,46.22,197.98,-51.800000000000004,64,1,710.9156225912443,332,319.51670619612713
B_PA2_to_C2,134,28.977548636205537,155.29892175665492,-97.07485387430687,47.540000000000006,197.66000000000003,-51.800000000000004,64,1,712.2738567389523,333,320.12715627955185
B_PA2_to_C2,135,30.050097475835003,155.2563748690403,-96.91905729971259,48.85000000000001,197.33999999999997,-51.800000000000004,64,1,713.6223744436934,334,320.7332393667339
B_PA2_to_C2,136,31.12181509006912,155.21185602608776,-96.7581726374765,50.16,197.01,-51.800000000000004,64,1,714.973300052304,335,321.3404046716768
B_PA2_to_C2,137,32.19266435930694,155.16534617449724,-96.59215188515384,51.47000000000001,196.68000000000004,-51.800000000000004,64,1,716.3242256609146,336,321.94756997661966
B_PA2_to_C2,138,33.26264053382973,155.11689864444986,-96.42113376138818,52.769999999999996,196.32999999999998,-51.800000000000004,64,1,717.6705168626983,337,322.55265237557836
B_PA2_to_C2,139,34.33171910007252,155.06651938643978,-96.24513495979193,54.07999999999999,195.98,-51.800000000000004,64,1,719.0264667142783,338,323.16207579599046
B_PA2_to_C2,140,35.39987582541831,155.01421438336337,-96.06417264235867,55.38,195.61,-51.800000000000004,64,1,720.3780953615036,339,323.76955707736624
B_PA2_to_C2,141,36.46708644216983,154.95998983572957,-95.87826249657257,56.68,195.24,-51.800000000000004,64,1,721.7297240087289,340,324.37703835874197
B_PA2_to_C2,142,37.533327458259265,154.90385207524594,-95.68742349521645,57.980000000000004,194.86,-51.800000000000004,64,1,723.0841242449959,341,324.98576531396895
B_PA2_to_C2,143,38.59857531813452,154.84580760475149,-95.49167293794679,59.269999999999996,194.47,-51.800000000000004,64,1,724.4317888917088,342,325.5914649994045
B_PA2_to_C2,144,39.662806898498225,154.78586307022059,-95.29102930237937,60.56,194.06999999999996,-51.800000000000004,64,1,725.7823813542971,343,326.19848057389214
B_PA2_to_C2,145,40.72599915709653,154.72402525901262,-95.08551026173888,61.85000000000001,193.66000000000003,-51.800000000000004,64,1,727.1359691793014,344,326.80684239581433
B_PA2_to_C2,146,41.78812967252567,154.66030109872707,-94.87513555586693,63.13999999999999,193.25,-51.800000000000004,64,1,728.4895570043057,345,327.4152042177365
B_PA2_to_C2,147,42.8491760867882,154.5946973695552,-94.65992407576107,64.42,192.81999999999996,-51.800000000000004,64,1,729.8398532680937,346,328.02208666747356
B_PA2_to_C2,148,43.90911670401592,154.5272213537003,-94.43989668681203,65.7,192.39,-51.800000000000004,64,1,731.1901495318818,347,328.6289691172106
B_PA2_to_C2,149,44.96792978648344,154.45788129605768,-94.21507258127312,66.98,191.95000000000002,-51.800000000000004,64,1,732.5436634771369,348,329.2372977343285
B_PA2_to_C2,150,46.02559383187995,154.38668407085044,-93.9854713541777,68.25,191.5,-51.800000000000004,64,1,733.891031281413,349,329.84286400573467
B_PA2_to_C2,151,47.08208808186795,154.31363728095752,-93.7511147078041,69.52,191.04,-51.800000000000004,64,1,735.2417718190442,350,330.44994613165056
B_PA2_to_C2,152,48.13739187572139,154.23874863471048,-93.5120235955986,70.79,190.57999999999998,-51.800000000000004,64,1,736.5925123566753,351,331.0570282575664
B_PA2_to_C2,153,49.19148480348986,154.1620260381531,-93.26821888920249,72.06,190.09999999999997,-51.800000000000004,64,1,737.9501942045322,352,331.66723011317947
B_PA2_to_C2,154,50.244346869708224,154.08347698062326,-93.01972230558997,73.31999999999998,189.62,-51.800000000000004,64,1,739.2985265077868,353,332.2732298727902
B_PA2_to_C2,155,51.29595856754602,154.00311012760852,-92.76655613122028,74.58,189.13,-51.800000000000004,64,1,740.6504510618948,354,332.88084414771606
B_PA2_to_C2,156,52.34630046281263,153.92093409495914,-92.50874189047303,75.84000000000002,188.63,-51.800000000000004,64,1,742.0060321181213,355,333.49010181529775
B_PA2_to_C2,157,53.39535361782309,153.83695674326134,-92.24630226351488,77.09000000000002,188.12,-51.800000000000004,64,1,743.3560691546503,356,334.0968677569186
B_PA2_to_C2,158,54.443099474220304,153.75118650031843,-91.97926021080472,78.34000000000002,187.59999999999997,-51.800000000000004,64,1,744.7099155270279,357,334.7053457813864
B_PA2_to_C2,159,55.489519564142554,153.663631248831,-91.70763814280556,79.58,187.07999999999998,-51.800000000000004,64,1,746.0545344321456,358,335.3096765767715
B_PA2_to_C2,160,56.53459623990898,153.5743005258712,-91.43146003128533,80.81999999999998,186.54,-51.800000000000004,64,1,747.4070136371613,359,335.91754013617714
B_PA2_to_C2,161,57.57831172533226,153.4832032432207,-91.1507485139026,82.06,186.0,-51.800000000000004,64,1,748.7594928421771,360,336.52540369558284
B_PA2_to_C2,162,58.62064887440875,153.39034780748443,-90.86552767323835,83.29999999999997,185.45000000000002,-51.800000000000004,64,1,750.1159956987904,361,337.1350756607464
B_PA2_to_C2,163,59.66159077497219,153.29574248131743,-90.57582147899205,84.52999999999999,184.89,-51.800000000000004,64,1,751.4674763682785,362,337.7424904344275
B_PA2_to_C2,164,60.701120897744595,153.19939724981538,-90.28165367028168,85.76,184.32999999999998,-51.800000000000004,64,1,752.8189570377666,363,338.3499052081085
B_PA2_to_C2,165,61.739223076886844,153.10132122517263,-89.98304854624612,86.98,183.75,-51.800000000000004,64,1,754.1698086210281,364,338.9570372428081
B_PA2_to_C2,166,62.77588159274177,153.00152255290112,-89.6800312508476,88.20000000000002,183.17000000000002,-51.800000000000004,64,1,755.5206602042896,365,339.56416927750763
B_PA2_to_C2,167,63.811080741983474,152.90001146789095,-89.37262530661879,89.40999999999998,182.57999999999998,-51.800000000000004,64,1,756.8668399842595,366,340.16920159860933
B_PA2_to_C2,168,64.84480570796426,152.79679733772667,-89.06085650443455,90.63,181.98,-51.800000000000004,64,1,758.2263987362081,367,340.7802470173601
B_PA2_to_C2,169,65.8770416411013,152.69188856131194,-88.74474986151313,91.83000000000001,181.38,-51.800000000000004,64,1,759.568039522708,368,341.383239315431
B_PA2_to_C2,170,66.90777413228953,152.5852956136748,-88.42433016003714,93.03999999999999,180.76,-51.800000000000004,64,1,760.9276350507971,369,341.99430126299467
B_PA2_to_C2,171,67.93698914361468,152.4770279819649,-88.09962274820667,94.24,180.14,-51.800000000000004,64,1,762.2783385711894,370,342.6013667517375
B_PA2_to_C2,172,68.96467309574679,152.36709425458267,-87.77065375851993,95.43,179.51,-51.800000000000004,64,1,763.6248154555063,371,343.2065326045823
B_PA2_to_C2,173,69.99081266367635,152.25550509492143,-87.43744847141124,96.62,178.87,-51.800000000000004,64,1,764.9760001209019,372,343.81381434102286
B_PA2_to_C2,174,71.01539471176027,152.1422701375941,-87.10003215903092,97.81,178.22,-51.800000000000004,64,1,766.3319499724819,373,344.42323776143496
B_PA2_to_C2,175,72.03840663046354,152.02739826837123,-86.75843102006482,98.99,177.56999999999996,-51.800000000000004,64,1,767.6791322170204,374,345.0287206341448
B_PA2_to_C2,176,73.05983625395466,151.9109002355482,-86.41267103113606,100.16999999999999,176.91000000000003,-51.800000000000004,64,1,769.0311677195128,375,345.6363847741478
B_PA2_to_C2,177,74.07967157134377,151.79278529141214,-86.06277821481683,101.35000000000001,176.24,-51.800000000000004,64,1,770.3881128178864,376,346.246255502183
B_PA2_to_C2,178,75.0979012617257,151.67306383407816,-85.70877930137463,102.52,175.55999999999997,-51.800000000000004,64,1,771.7413681522561,377,346.8544678882101
B_PA2_to_C2,179,76.11451404738338,151.5517459278318,-85.3507003611686,103.68000000000004,174.88,-51.800000000000004,64,1,773.0859870573738,378,347.45879868359515
B_PA2_to_C2,180,77.12949884362655,151.42884061949917,-84.98856747237346,104.84000000000002,174.18000000000004,-51.800000000000004,64,1,774.440830221729,379,348.06772471015967
B_PA2_to_C2,181,78.14284513143528,151.304358593485,-84.62240688190954,106.0,173.48,-51.800000000000004,64,1,775.7956733860842,380,348.6766507367242
B_PA2_to_C2,182,79.1545427822785,151.17830968322968,-84.2522453379742,107.14999999999999,172.77,-51.800000000000004,64,1,777.1471910515255,381,349.28408213801157
B_PA2_to_C2,183,80.16458218699586,151.05070418164797,-83.87810997663453,108.28999999999999,172.05999999999997,-51.800000000000004,64,1,778.490210038733,382,349.8876938600149
B_PA2_to_C2,184,81.17295358746802,150.9215520382831,-83.50002680614665,109.43000000000004,171.32999999999998,-51.800000000000004,64,1,779.8439086758011,383,350.4961054857457
B_PA2_to_C2,185,82.17964783645431,150.79086341092665,-83.11802254281665,110.56999999999996,170.6,-51.800000000000004,64,1,781.1976073128692,384,351.1045171114766
B_PA2_to_C2,186,83.18465626890872,150.65864847952804,-82.73212435394976,111.70000000000002,169.86,-51.800000000000004,64,1,782.5483478505004,385,351.7115992373924
B_PA2_to_C2,187,84.18797034164835,150.52491725041398,-82.34235893159976,112.83000000000001,169.12,-51.800000000000004,64,1,783.8990883881315,386,352.3186813633083
B_PA2_to_C2,188,85.18958182372573,150.3896801787657,-81.948752828512,113.95000000000002,168.36,-51.800000000000004,64,1,785.2526023333867,387,352.9270099804262
B_PA2_to_C2,189,86.18948264342175,150.25294705232363,-81.55133241463926,115.06999999999996,167.6,-51.800000000000004,64,1,786.6061162786417,388,353.53533859754407
B_PA2_to_C2,190,87.18766562310677,150.11472854178464,-81.15012523298817,116.18000000000004,166.83,-51.800000000000004,64,1,787.9570418872523,389,354.14250390248696
B_PA2_to_C2,191,88.18412342149847,149.97503436988703,-80.74515793431172,117.28999999999999,166.05999999999997,-51.800000000000004,64,1,789.307967495863,390,354.7496692074298
B_PA2_to_C2,192,89.17884914419898,149.83387543735915,-80.33645709844214,118.39,165.27,-51.800000000000004,64,1,790.6622569774731,391,355.3583463846494
B_PA2_to_C2,193,90.17183608422485,149.6912608544792,-79.92404961156332,119.48,164.48,-51.800000000000004,64,1,792.0084367574431,392,355.9633787057511
B_PA2_to_C2,194,91.16307814813737,149.54720170457475,-79.50796240030589,120.56999999999996,163.68000000000004,-51.800000000000004,64,1,793.3605092407071,393,356.5710594665371
B_PA2_to_C2,195,92.15256960558916,149.40170864665896,-79.08822264474281,121.65999999999998,162.88,-51.800000000000004,64,1,794.7125817239712,394,357.1787402273232
B_PA2_to_C2,196,93.1403041376118,149.25479060283305,-78.66485599380155,122.74,162.06999999999996,-51.800000000000004,64,1,796.0625817239712,395,357.78548952310115
B_PA2_to_C2,197,94.12627702596649,149.10645912989585,-78.23789021098145,123.80999999999997,161.25,-51.800000000000004,64,1,797.4106544223076,396,358.391372604859
B_PA2_to_C2,198,95.110483,148.956723,-77.807352,124.88,160.42,-51.800000000000004,64,1,798.7648331402028,397,359.0
